2025-02-28 05:41:58,773 INFO c.e.r.RecipeReviewApplication [restartedMain] Starting RecipeReviewApplication using Java 19.0.2 with PID 32804 (/Users/davidgim/coding_projects/yt_recipe_app/backend/recipe-review/target/classes started by davidgim in /Users/davidgim/coding_projects/yt_recipe_app/backend/recipe-review)
2025-02-28 05:41:58,773 INFO c.e.r.RecipeReviewApplication [restartedMain] The following 1 profile is active: "dev"
2025-02-28 05:41:58,842 INFO o.s.d.r.c.RepositoryConfigurationDelegate [restartedMain] Bootstrapping Spring Data MongoDB repositories in DEFAULT mode.
2025-02-28 05:41:58,849 INFO o.s.d.r.c.RepositoryConfigurationDelegate [restartedMain] Finished Spring Data repository scanning in 6 ms. Found 3 MongoDB repository interfaces.
2025-02-28 05:41:58,864 WARN o.s.b.w.s.c.AnnotationConfigServletWebServerApplicationContext [restartedMain] Exception encountered during context initialization - cancelling refresh attempt: java.lang.IllegalStateException: Unable to load cache item
2025-02-28 05:41:58,866 INFO o.s.b.a.l.ConditionEvaluationReportLogger [restartedMain] 

Error starting ApplicationContext. To display the condition evaluation report re-run your application with 'debug' enabled.
2025-02-28 05:41:58,868 ERROR o.s.b.SpringApplication [restartedMain] Application run failed
java.lang.IllegalStateException: Unable to load cache item
	at org.springframework.cglib.core.internal.LoadingCache.createEntry(LoadingCache.java:75)
	at org.springframework.cglib.core.internal.LoadingCache.get(LoadingCache.java:34)
	at org.springframework.cglib.core.AbstractClassGenerator$ClassLoaderData.get(AbstractClassGenerator.java:130)
	at org.springframework.cglib.core.AbstractClassGenerator.create(AbstractClassGenerator.java:317)
	at org.springframework.cglib.proxy.Enhancer.createHelper(Enhancer.java:562)
	at org.springframework.cglib.proxy.Enhancer.createClass(Enhancer.java:407)
	at org.springframework.context.annotation.ConfigurationClassEnhancer.createClass(ConfigurationClassEnhancer.java:156)
	at org.springframework.context.annotation.ConfigurationClassEnhancer.enhance(ConfigurationClassEnhancer.java:113)
	at org.springframework.context.annotation.ConfigurationClassPostProcessor.enhanceConfigurationClasses(ConfigurationClassPostProcessor.java:534)
	at org.springframework.context.annotation.ConfigurationClassPostProcessor.postProcessBeanFactory(ConfigurationClassPostProcessor.java:311)
	at org.springframework.context.support.PostProcessorRegistrationDelegate.invokeBeanFactoryPostProcessors(PostProcessorRegistrationDelegate.java:363)
	at org.springframework.context.support.PostProcessorRegistrationDelegate.invokeBeanFactoryPostProcessors(PostProcessorRegistrationDelegate.java:153)
	at org.springframework.context.support.AbstractApplicationContext.invokeBeanFactoryPostProcessors(AbstractApplicationContext.java:788)
	at org.springframework.context.support.AbstractApplicationContext.refresh(AbstractApplicationContext.java:606)
	at org.springframework.boot.web.servlet.context.ServletWebServerApplicationContext.refresh(ServletWebServerApplicationContext.java:146)
	at org.springframework.boot.SpringApplication.refresh(SpringApplication.java:754)
	at org.springframework.boot.SpringApplication.refreshContext(SpringApplication.java:456)
	at org.springframework.boot.SpringApplication.run(SpringApplication.java:335)
	at org.springframework.boot.SpringApplication.run(SpringApplication.java:1363)
	at org.springframework.boot.SpringApplication.run(SpringApplication.java:1352)
	at com.example.recipe_review.RecipeReviewApplication.main(RecipeReviewApplication.java:13)
	at java.base/jdk.internal.reflect.DirectMethodHandleAccessor.invoke(DirectMethodHandleAccessor.java:104)
	at java.base/java.lang.reflect.Method.invoke(Method.java:578)
	at org.springframework.boot.devtools.restart.RestartLauncher.run(RestartLauncher.java:50)
Caused by: java.lang.NoClassDefFoundError: io/github/bucket4j/Bucket
	at java.base/java.lang.Class.getDeclaredConstructors0(Native Method)
	at java.base/java.lang.Class.privateGetDeclaredConstructors(Class.java:3429)
	at java.base/java.lang.Class.getDeclaredConstructors(Class.java:2608)
	at org.springframework.cglib.proxy.Enhancer.generateClass(Enhancer.java:655)
	at org.springframework.cglib.transform.TransformingClassGenerator.generateClass(TransformingClassGenerator.java:35)
	at org.springframework.cglib.core.DefaultGeneratorStrategy.generate(DefaultGeneratorStrategy.java:26)
	at org.springframework.cglib.core.ClassLoaderAwareGeneratorStrategy.generate(ClassLoaderAwareGeneratorStrategy.java:57)
	at org.springframework.cglib.core.AbstractClassGenerator.generate(AbstractClassGenerator.java:366)
	at org.springframework.cglib.proxy.Enhancer.generate(Enhancer.java:575)
	at org.springframework.cglib.core.AbstractClassGenerator$ClassLoaderData.lambda$new$1(AbstractClassGenerator.java:107)
	at org.springframework.cglib.core.internal.LoadingCache.lambda$createEntry$1(LoadingCache.java:52)
	at java.base/java.util.concurrent.FutureTask.run(FutureTask.java:317)
	at org.springframework.cglib.core.internal.LoadingCache.createEntry(LoadingCache.java:57)
	... 23 common frames omitted
Caused by: java.lang.ClassNotFoundException: io.github.bucket4j.Bucket
	at java.base/jdk.internal.loader.BuiltinClassLoader.loadClass(BuiltinClassLoader.java:641)
	at java.base/jdk.internal.loader.ClassLoaders$AppClassLoader.loadClass(ClassLoaders.java:188)
	at java.base/java.lang.ClassLoader.loadClass(ClassLoader.java:521)
	at java.base/java.lang.Class.forName0(Native Method)
	at java.base/java.lang.Class.forName(Class.java:495)
	at java.base/java.lang.Class.forName(Class.java:474)
	at org.springframework.boot.devtools.restart.classloader.RestartClassLoader.loadClass(RestartClassLoader.java:121)
	at java.base/java.lang.ClassLoader.loadClass(ClassLoader.java:521)
	... 36 common frames omitted
2025-02-28 05:46:05,669 INFO c.e.r.RecipeReviewApplication [restartedMain] Starting RecipeReviewApplication using Java 19.0.2 with PID 32804 (/Users/davidgim/coding_projects/yt_recipe_app/backend/recipe-review/target/classes started by davidgim in /Users/davidgim/coding_projects/yt_recipe_app/backend/recipe-review)
2025-02-28 05:46:05,670 INFO c.e.r.RecipeReviewApplication [restartedMain] The following 1 profile is active: "dev"
2025-02-28 05:46:05,746 INFO o.s.d.r.c.RepositoryConfigurationDelegate [restartedMain] Bootstrapping Spring Data MongoDB repositories in DEFAULT mode.
2025-02-28 05:46:05,751 INFO o.s.d.r.c.RepositoryConfigurationDelegate [restartedMain] Finished Spring Data repository scanning in 4 ms. Found 3 MongoDB repository interfaces.
2025-02-28 05:46:05,810 INFO o.s.b.w.e.t.TomcatWebServer [restartedMain] Tomcat initialized with port 8080 (http)
2025-02-28 05:46:05,811 INFO o.a.c.c.StandardService [restartedMain] Starting service [Tomcat]
2025-02-28 05:46:05,811 INFO o.a.c.c.StandardEngine [restartedMain] Starting Servlet engine: [Apache Tomcat/10.1.25]
2025-02-28 05:46:05,815 INFO o.a.c.c.C.[.[.[/] [restartedMain] Initializing Spring embedded WebApplicationContext
2025-02-28 05:46:05,815 INFO o.s.b.w.s.c.ServletWebServerApplicationContext [restartedMain] Root WebApplicationContext: initialization completed in 144 ms
2025-02-28 05:46:05,854 INFO o.m.d.client [restartedMain] MongoClient with metadata {"application": {"name": "Cluster0"}, "driver": {"name": "mongo-java-driver|sync|spring-boot", "version": "5.0.1"}, "os": {"type": "Darwin", "name": "Mac OS X", "architecture": "aarch64", "version": "12.0"}, "platform": "Java/Amazon.com Inc./19.0.2+7-FR"} created with settings MongoClientSettings{readPreference=primary, writeConcern=WriteConcern{w=majority, wTimeout=null ms, journal=null}, retryWrites=true, retryReads=true, readConcern=ReadConcern{level=null}, credential=MongoCredential{mechanism=null, userName='davidgim', source='admin', password=<hidden>, mechanismProperties=<hidden>}, transportSettings=null, commandListeners=[], codecRegistry=ProvidersCodecRegistry{codecProviders=[ValueCodecProvider{}, BsonValueCodecProvider{}, DBRefCodecProvider{}, DBObjectCodecProvider{}, DocumentCodecProvider{}, CollectionCodecProvider{}, IterableCodecProvider{}, MapCodecProvider{}, GeoJsonCodecProvider{}, GridFSFileCodecProvider{}, Jsr310CodecProvider{}, JsonObjectCodecProvider{}, BsonCodecProvider{}, EnumCodecProvider{}, com.mongodb.client.model.mql.ExpressionCodecProvider@4b8bb078, com.mongodb.Jep395RecordCodecProvider@6ab3c49f, com.mongodb.KotlinCodecProvider@3e9238b2]}, loggerSettings=LoggerSettings{maxDocumentLength=1000}, clusterSettings={hosts=[127.0.0.1:27017], srvHost=cluster0.vfjrvz5.mongodb.net, srvServiceName=mongodb, mode=MULTIPLE, requiredClusterType=REPLICA_SET, requiredReplicaSetName='atlas-dvv5fc-shard-0', serverSelector='null', clusterListeners='[]', serverSelectionTimeout='30000 ms', localThreshold='15 ms'}, socketSettings=SocketSettings{connectTimeoutMS=10000, readTimeoutMS=0, receiveBufferSize=0, proxySettings=ProxySettings{host=null, port=null, username=null, password=null}}, heartbeatSocketSettings=SocketSettings{connectTimeoutMS=10000, readTimeoutMS=10000, receiveBufferSize=0, proxySettings=ProxySettings{host=null, port=null, username=null, password=null}}, connectionPoolSettings=ConnectionPoolSettings{maxSize=100, minSize=0, maxWaitTimeMS=120000, maxConnectionLifeTimeMS=0, maxConnectionIdleTimeMS=0, maintenanceInitialDelayMS=0, maintenanceFrequencyMS=60000, connectionPoolListeners=[], maxConnecting=2}, serverSettings=ServerSettings{heartbeatFrequencyMS=10000, minHeartbeatFrequencyMS=500, serverListeners='[]', serverMonitorListeners='[]'}, sslSettings=SslSettings{enabled=true, invalidHostNameAllowed=false, context=null}, applicationName='Cluster0', compressorList=[], uuidRepresentation=JAVA_LEGACY, serverApi=null, autoEncryptionSettings=null, dnsClient=null, inetAddressResolver=null, contextProvider=null}
2025-02-28 05:46:05,874 INFO o.s.b.d.a.OptionalLiveReloadServer [restartedMain] LiveReload server is running on port 35729
2025-02-28 05:46:05,880 INFO o.s.s.c.a.a.c.InitializeUserDetailsBeanManagerConfigurer$InitializeUserDetailsManagerConfigurer [restartedMain] Global AuthenticationManager configured with UserDetailsService bean with name userService
2025-02-28 05:46:05,880 INFO o.m.d.cluster [cluster-ClusterId{value='67c1be1d3843dd0268966576', description='Cluster0'}-srv-cluster0.vfjrvz5.mongodb.net] Adding discovered server ac-hh0g5km-shard-00-01.vfjrvz5.mongodb.net:27017 to client view of cluster
2025-02-28 05:46:05,881 INFO o.m.d.cluster [cluster-ClusterId{value='67c1be1d3843dd0268966576', description='Cluster0'}-srv-cluster0.vfjrvz5.mongodb.net] Adding discovered server ac-hh0g5km-shard-00-02.vfjrvz5.mongodb.net:27017 to client view of cluster
2025-02-28 05:46:05,882 INFO o.m.d.cluster [cluster-ClusterId{value='67c1be1d3843dd0268966576', description='Cluster0'}-srv-cluster0.vfjrvz5.mongodb.net] Adding discovered server ac-hh0g5km-shard-00-00.vfjrvz5.mongodb.net:27017 to client view of cluster
2025-02-28 05:46:05,954 INFO o.s.b.w.e.t.TomcatWebServer [restartedMain] Tomcat started on port 8080 (http) with context path '/'
2025-02-28 05:46:05,956 INFO c.e.r.RecipeReviewApplication [restartedMain] Started RecipeReviewApplication in 0.299 seconds (process running for 6607.125)
2025-02-28 05:46:05,958 INFO o.s.b.d.a.ConditionEvaluationDeltaLoggingListener [restartedMain] Condition evaluation delta:


==========================
CONDITION EVALUATION DELTA
==========================


Positive matches:
-----------------

    None


Negative matches:
-----------------

   SpringBootWebSecurityConfiguration.SecurityFilterChainConfiguration:
      Did not match:
         - AllNestedConditions 1 matched 1 did not; NestedCondition on DefaultWebSecurityCondition.Beans @ConditionalOnMissingBean (types: org.springframework.security.web.SecurityFilterChain; SearchStrategy: all) found beans of type 'org.springframework.security.web.SecurityFilterChain' filterChain, securityFilterChain; NestedCondition on DefaultWebSecurityCondition.Classes @ConditionalOnClass found required classes 'org.springframework.security.web.SecurityFilterChain', 'org.springframework.security.config.annotation.web.builders.HttpSecurity' (DefaultWebSecurityCondition)

   SpringBootWebSecurityConfiguration.WebSecurityEnablerConfiguration:
      Did not match:
         - @ConditionalOnMissingBean (names: springSecurityFilterChain; SearchStrategy: all) found beans named springSecurityFilterChain (OnBeanCondition)
      Matched:
         - @ConditionalOnClass found required class 'org.springframework.security.config.annotation.web.configuration.EnableWebSecurity' (OnClassCondition)

   UserDetailsServiceAutoConfiguration:
      Did not match:
         - @ConditionalOnMissingBean (types: org.springframework.security.authentication.AuthenticationManager,org.springframework.security.authentication.AuthenticationProvider,org.springframework.security.core.userdetails.UserDetailsService,org.springframework.security.authentication.AuthenticationManagerResolver,org.springframework.security.oauth2.jwt.JwtDecoder; SearchStrategy: all) found beans of type 'org.springframework.security.authentication.AuthenticationManager' authenticationManager and found beans of type 'org.springframework.security.core.userdetails.UserDetailsService' userService (OnBeanCondition)
      Matched:
         - @ConditionalOnClass found required class 'org.springframework.security.authentication.AuthenticationManager' (OnClassCondition)
         - AnyNestedCondition 1 matched 2 did not; NestedCondition on UserDetailsServiceAutoConfiguration.MissingAlternativeOrUserPropertiesConfigured.PasswordConfigured @ConditionalOnProperty (spring.security.user.password) did not find property 'password'; NestedCondition on UserDetailsServiceAutoConfiguration.MissingAlternativeOrUserPropertiesConfigured.NameConfigured @ConditionalOnProperty (spring.security.user.name) did not find property 'name'; NestedCondition on UserDetailsServiceAutoConfiguration.MissingAlternativeOrUserPropertiesConfigured.MissingAlternative @ConditionalOnMissingClass did not find unwanted classes 'org.springframework.security.oauth2.client.registration.ClientRegistrationRepository', 'org.springframework.security.oauth2.server.resource.introspection.OpaqueTokenIntrospector', 'org.springframework.security.saml2.provider.service.registration.RelyingPartyRegistrationRepository' (UserDetailsServiceAutoConfiguration.MissingAlternativeOrUserPropertiesConfigured)


Exclusions:
-----------

    None


Unconditional classes:
----------------------

    None



2025-02-28 05:46:05,990 INFO o.m.d.cluster [cluster-ClusterId{value='67c1be1d3843dd0268966576', description='Cluster0'}-ac-hh0g5km-shard-00-01.vfjrvz5.mongodb.net:27017] Monitor thread successfully connected to server with description ServerDescription{address=ac-hh0g5km-shard-00-01.vfjrvz5.mongodb.net:27017, type=REPLICA_SET_PRIMARY, state=CONNECTED, ok=true, minWireVersion=0, maxWireVersion=25, maxDocumentSize=16777216, logicalSessionTimeoutMinutes=30, roundTripTimeNanos=53577792, setName='atlas-dvv5fc-shard-0', canonicalAddress=ac-hh0g5km-shard-00-01.vfjrvz5.mongodb.net:27017, hosts=[ac-hh0g5km-shard-00-00.vfjrvz5.mongodb.net:27017, ac-hh0g5km-shard-00-01.vfjrvz5.mongodb.net:27017, ac-hh0g5km-shard-00-02.vfjrvz5.mongodb.net:27017], passives=[], arbiters=[], primary='ac-hh0g5km-shard-00-01.vfjrvz5.mongodb.net:27017', tagSet=TagSet{[Tag{name='availabilityZone', value='usw2-az1'}, Tag{name='diskState', value='READY'}, Tag{name='nodeType', value='ELECTABLE'}, Tag{name='provider', value='AWS'}, Tag{name='region', value='US_WEST_2'}, Tag{name='workloadType', value='OPERATIONAL'}]}, electionId=7fffffff00000000000000d8, setVersion=39, topologyVersion=TopologyVersion{processId=67ad12a53f34254185d8fb50, counter=6}, lastWriteDate=Fri Feb 28 05:46:06 PST 2025, lastUpdateTimeNanos=19490920188000}
2025-02-28 05:46:05,991 INFO o.m.d.cluster [cluster-ClusterId{value='67c1be1d3843dd0268966576', description='Cluster0'}-ac-hh0g5km-shard-00-01.vfjrvz5.mongodb.net:27017] Discovered replica set primary ac-hh0g5km-shard-00-01.vfjrvz5.mongodb.net:27017 with max election id 7fffffff00000000000000d8 and max set version 39
2025-02-28 05:46:06,005 INFO o.m.d.cluster [cluster-ClusterId{value='67c1be1d3843dd0268966576', description='Cluster0'}-ac-hh0g5km-shard-00-02.vfjrvz5.mongodb.net:27017] Monitor thread successfully connected to server with description ServerDescription{address=ac-hh0g5km-shard-00-02.vfjrvz5.mongodb.net:27017, type=REPLICA_SET_SECONDARY, state=CONNECTED, ok=true, minWireVersion=0, maxWireVersion=25, maxDocumentSize=16777216, logicalSessionTimeoutMinutes=30, roundTripTimeNanos=60616542, setName='atlas-dvv5fc-shard-0', canonicalAddress=ac-hh0g5km-shard-00-02.vfjrvz5.mongodb.net:27017, hosts=[ac-hh0g5km-shard-00-00.vfjrvz5.mongodb.net:27017, ac-hh0g5km-shard-00-01.vfjrvz5.mongodb.net:27017, ac-hh0g5km-shard-00-02.vfjrvz5.mongodb.net:27017], passives=[], arbiters=[], primary='ac-hh0g5km-shard-00-01.vfjrvz5.mongodb.net:27017', tagSet=TagSet{[Tag{name='availabilityZone', value='usw2-az3'}, Tag{name='diskState', value='READY'}, Tag{name='nodeType', value='ELECTABLE'}, Tag{name='provider', value='AWS'}, Tag{name='region', value='US_WEST_2'}, Tag{name='workloadType', value='OPERATIONAL'}]}, electionId=null, setVersion=39, topologyVersion=TopologyVersion{processId=67ad1661da03e837d9dbb4e2, counter=3}, lastWriteDate=Fri Feb 28 05:46:06 PST 2025, lastUpdateTimeNanos=19490934791375}
2025-02-28 05:46:06,011 INFO o.m.d.cluster [cluster-ClusterId{value='67c1be1d3843dd0268966576', description='Cluster0'}-ac-hh0g5km-shard-00-00.vfjrvz5.mongodb.net:27017] Monitor thread successfully connected to server with description ServerDescription{address=ac-hh0g5km-shard-00-00.vfjrvz5.mongodb.net:27017, type=REPLICA_SET_SECONDARY, state=CONNECTED, ok=true, minWireVersion=0, maxWireVersion=25, maxDocumentSize=16777216, logicalSessionTimeoutMinutes=30, roundTripTimeNanos=45654375, setName='atlas-dvv5fc-shard-0', canonicalAddress=ac-hh0g5km-shard-00-00.vfjrvz5.mongodb.net:27017, hosts=[ac-hh0g5km-shard-00-00.vfjrvz5.mongodb.net:27017, ac-hh0g5km-shard-00-01.vfjrvz5.mongodb.net:27017, ac-hh0g5km-shard-00-02.vfjrvz5.mongodb.net:27017], passives=[], arbiters=[], primary='ac-hh0g5km-shard-00-01.vfjrvz5.mongodb.net:27017', tagSet=TagSet{[Tag{name='availabilityZone', value='usw2-az2'}, Tag{name='diskState', value='READY'}, Tag{name='nodeType', value='ELECTABLE'}, Tag{name='provider', value='AWS'}, Tag{name='region', value='US_WEST_2'}, Tag{name='workloadType', value='OPERATIONAL'}]}, electionId=null, setVersion=39, topologyVersion=TopologyVersion{processId=67ad0ff25aa6d78c30bc2521, counter=4}, lastWriteDate=Fri Feb 28 05:46:06 PST 2025, lastUpdateTimeNanos=19490940396708}
2025-02-28 05:47:24,117 INFO o.s.b.d.a.LocalDevToolsAutoConfiguration$RestartingClassPathChangeChangedEventListener [File Watcher] Restarting due to 2 class path changes (0 additions, 0 deletions, 2 modifications)
2025-02-28 05:47:24,273 INFO c.e.r.RecipeReviewApplication [restartedMain] Starting RecipeReviewApplication using Java 19.0.2 with PID 32804 (/Users/davidgim/coding_projects/yt_recipe_app/backend/recipe-review/target/classes started by davidgim in /Users/davidgim/coding_projects/yt_recipe_app/backend/recipe-review)
2025-02-28 05:47:24,273 INFO c.e.r.RecipeReviewApplication [restartedMain] The following 1 profile is active: "dev"
2025-02-28 05:47:24,391 INFO o.s.d.r.c.RepositoryConfigurationDelegate [restartedMain] Bootstrapping Spring Data MongoDB repositories in DEFAULT mode.
2025-02-28 05:47:24,400 INFO o.s.d.r.c.RepositoryConfigurationDelegate [restartedMain] Finished Spring Data repository scanning in 8 ms. Found 3 MongoDB repository interfaces.
2025-02-28 05:47:24,524 INFO o.s.b.w.e.t.TomcatWebServer [restartedMain] Tomcat initialized with port 8080 (http)
2025-02-28 05:47:24,525 INFO o.a.c.c.StandardService [restartedMain] Starting service [Tomcat]
2025-02-28 05:47:24,525 INFO o.a.c.c.StandardEngine [restartedMain] Starting Servlet engine: [Apache Tomcat/10.1.25]
2025-02-28 05:47:24,566 INFO o.a.c.c.C.[.[.[/] [restartedMain] Initializing Spring embedded WebApplicationContext
2025-02-28 05:47:24,566 INFO o.s.b.w.s.c.ServletWebServerApplicationContext [restartedMain] Root WebApplicationContext: initialization completed in 292 ms
2025-02-28 05:47:24,624 INFO o.m.d.client [restartedMain] MongoClient with metadata {"application": {"name": "Cluster0"}, "driver": {"name": "mongo-java-driver|sync|spring-boot", "version": "5.0.1"}, "os": {"type": "Darwin", "name": "Mac OS X", "architecture": "aarch64", "version": "12.0"}, "platform": "Java/Amazon.com Inc./19.0.2+7-FR"} created with settings MongoClientSettings{readPreference=primary, writeConcern=WriteConcern{w=majority, wTimeout=null ms, journal=null}, retryWrites=true, retryReads=true, readConcern=ReadConcern{level=null}, credential=MongoCredential{mechanism=null, userName='davidgim', source='admin', password=<hidden>, mechanismProperties=<hidden>}, transportSettings=null, commandListeners=[], codecRegistry=ProvidersCodecRegistry{codecProviders=[ValueCodecProvider{}, BsonValueCodecProvider{}, DBRefCodecProvider{}, DBObjectCodecProvider{}, DocumentCodecProvider{}, CollectionCodecProvider{}, IterableCodecProvider{}, MapCodecProvider{}, GeoJsonCodecProvider{}, GridFSFileCodecProvider{}, Jsr310CodecProvider{}, JsonObjectCodecProvider{}, BsonCodecProvider{}, EnumCodecProvider{}, com.mongodb.client.model.mql.ExpressionCodecProvider@4b8bb078, com.mongodb.Jep395RecordCodecProvider@6ab3c49f, com.mongodb.KotlinCodecProvider@3e9238b2]}, loggerSettings=LoggerSettings{maxDocumentLength=1000}, clusterSettings={hosts=[127.0.0.1:27017], srvHost=cluster0.vfjrvz5.mongodb.net, srvServiceName=mongodb, mode=MULTIPLE, requiredClusterType=REPLICA_SET, requiredReplicaSetName='atlas-dvv5fc-shard-0', serverSelector='null', clusterListeners='[]', serverSelectionTimeout='30000 ms', localThreshold='15 ms'}, socketSettings=SocketSettings{connectTimeoutMS=10000, readTimeoutMS=0, receiveBufferSize=0, proxySettings=ProxySettings{host=null, port=null, username=null, password=null}}, heartbeatSocketSettings=SocketSettings{connectTimeoutMS=10000, readTimeoutMS=10000, receiveBufferSize=0, proxySettings=ProxySettings{host=null, port=null, username=null, password=null}}, connectionPoolSettings=ConnectionPoolSettings{maxSize=100, minSize=0, maxWaitTimeMS=120000, maxConnectionLifeTimeMS=0, maxConnectionIdleTimeMS=0, maintenanceInitialDelayMS=0, maintenanceFrequencyMS=60000, connectionPoolListeners=[], maxConnecting=2}, serverSettings=ServerSettings{heartbeatFrequencyMS=10000, minHeartbeatFrequencyMS=500, serverListeners='[]', serverMonitorListeners='[]'}, sslSettings=SslSettings{enabled=true, invalidHostNameAllowed=false, context=null}, applicationName='Cluster0', compressorList=[], uuidRepresentation=JAVA_LEGACY, serverApi=null, autoEncryptionSettings=null, dnsClient=null, inetAddressResolver=null, contextProvider=null}
2025-02-28 05:47:24,654 INFO o.m.d.cluster [cluster-ClusterId{value='67c1be6c3843dd0268966577', description='Cluster0'}-srv-cluster0.vfjrvz5.mongodb.net] Adding discovered server ac-hh0g5km-shard-00-01.vfjrvz5.mongodb.net:27017 to client view of cluster
2025-02-28 05:47:24,657 INFO o.m.d.cluster [cluster-ClusterId{value='67c1be6c3843dd0268966577', description='Cluster0'}-srv-cluster0.vfjrvz5.mongodb.net] Adding discovered server ac-hh0g5km-shard-00-02.vfjrvz5.mongodb.net:27017 to client view of cluster
2025-02-28 05:47:24,660 INFO o.m.d.cluster [cluster-ClusterId{value='67c1be6c3843dd0268966577', description='Cluster0'}-srv-cluster0.vfjrvz5.mongodb.net] Adding discovered server ac-hh0g5km-shard-00-00.vfjrvz5.mongodb.net:27017 to client view of cluster
2025-02-28 05:47:24,678 INFO o.s.b.d.a.OptionalLiveReloadServer [restartedMain] LiveReload server is running on port 35729
2025-02-28 05:47:24,728 INFO o.s.s.c.a.a.c.InitializeUserDetailsBeanManagerConfigurer$InitializeUserDetailsManagerConfigurer [restartedMain] Global AuthenticationManager configured with UserDetailsService bean with name userService
2025-02-28 05:47:24,769 INFO o.m.d.cluster [cluster-ClusterId{value='67c1be6c3843dd0268966577', description='Cluster0'}-ac-hh0g5km-shard-00-00.vfjrvz5.mongodb.net:27017] Monitor thread successfully connected to server with description ServerDescription{address=ac-hh0g5km-shard-00-00.vfjrvz5.mongodb.net:27017, type=REPLICA_SET_SECONDARY, state=CONNECTED, ok=true, minWireVersion=0, maxWireVersion=25, maxDocumentSize=16777216, logicalSessionTimeoutMinutes=30, roundTripTimeNanos=53367500, setName='atlas-dvv5fc-shard-0', canonicalAddress=ac-hh0g5km-shard-00-00.vfjrvz5.mongodb.net:27017, hosts=[ac-hh0g5km-shard-00-00.vfjrvz5.mongodb.net:27017, ac-hh0g5km-shard-00-01.vfjrvz5.mongodb.net:27017, ac-hh0g5km-shard-00-02.vfjrvz5.mongodb.net:27017], passives=[], arbiters=[], primary='ac-hh0g5km-shard-00-01.vfjrvz5.mongodb.net:27017', tagSet=TagSet{[Tag{name='availabilityZone', value='usw2-az2'}, Tag{name='diskState', value='READY'}, Tag{name='nodeType', value='ELECTABLE'}, Tag{name='provider', value='AWS'}, Tag{name='region', value='US_WEST_2'}, Tag{name='workloadType', value='OPERATIONAL'}]}, electionId=null, setVersion=39, topologyVersion=TopologyVersion{processId=67ad0ff25aa6d78c30bc2521, counter=4}, lastWriteDate=Fri Feb 28 05:47:24 PST 2025, lastUpdateTimeNanos=19569698766000}
2025-02-28 05:47:24,769 INFO o.m.d.cluster [cluster-ClusterId{value='67c1be6c3843dd0268966577', description='Cluster0'}-ac-hh0g5km-shard-00-01.vfjrvz5.mongodb.net:27017] Monitor thread successfully connected to server with description ServerDescription{address=ac-hh0g5km-shard-00-01.vfjrvz5.mongodb.net:27017, type=REPLICA_SET_PRIMARY, state=CONNECTED, ok=true, minWireVersion=0, maxWireVersion=25, maxDocumentSize=16777216, logicalSessionTimeoutMinutes=30, roundTripTimeNanos=62295833, setName='atlas-dvv5fc-shard-0', canonicalAddress=ac-hh0g5km-shard-00-01.vfjrvz5.mongodb.net:27017, hosts=[ac-hh0g5km-shard-00-00.vfjrvz5.mongodb.net:27017, ac-hh0g5km-shard-00-01.vfjrvz5.mongodb.net:27017, ac-hh0g5km-shard-00-02.vfjrvz5.mongodb.net:27017], passives=[], arbiters=[], primary='ac-hh0g5km-shard-00-01.vfjrvz5.mongodb.net:27017', tagSet=TagSet{[Tag{name='availabilityZone', value='usw2-az1'}, Tag{name='diskState', value='READY'}, Tag{name='nodeType', value='ELECTABLE'}, Tag{name='provider', value='AWS'}, Tag{name='region', value='US_WEST_2'}, Tag{name='workloadType', value='OPERATIONAL'}]}, electionId=7fffffff00000000000000d8, setVersion=39, topologyVersion=TopologyVersion{processId=67ad12a53f34254185d8fb50, counter=6}, lastWriteDate=Fri Feb 28 05:47:24 PST 2025, lastUpdateTimeNanos=19569698766000}
2025-02-28 05:47:24,770 INFO o.m.d.cluster [cluster-ClusterId{value='67c1be6c3843dd0268966577', description='Cluster0'}-ac-hh0g5km-shard-00-01.vfjrvz5.mongodb.net:27017] Discovered replica set primary ac-hh0g5km-shard-00-01.vfjrvz5.mongodb.net:27017 with max election id 7fffffff00000000000000d8 and max set version 39
2025-02-28 05:47:24,795 INFO o.m.d.cluster [cluster-ClusterId{value='67c1be6c3843dd0268966577', description='Cluster0'}-ac-hh0g5km-shard-00-02.vfjrvz5.mongodb.net:27017] Monitor thread successfully connected to server with description ServerDescription{address=ac-hh0g5km-shard-00-02.vfjrvz5.mongodb.net:27017, type=REPLICA_SET_SECONDARY, state=CONNECTED, ok=true, minWireVersion=0, maxWireVersion=25, maxDocumentSize=16777216, logicalSessionTimeoutMinutes=30, roundTripTimeNanos=67583125, setName='atlas-dvv5fc-shard-0', canonicalAddress=ac-hh0g5km-shard-00-02.vfjrvz5.mongodb.net:27017, hosts=[ac-hh0g5km-shard-00-00.vfjrvz5.mongodb.net:27017, ac-hh0g5km-shard-00-01.vfjrvz5.mongodb.net:27017, ac-hh0g5km-shard-00-02.vfjrvz5.mongodb.net:27017], passives=[], arbiters=[], primary='ac-hh0g5km-shard-00-01.vfjrvz5.mongodb.net:27017', tagSet=TagSet{[Tag{name='availabilityZone', value='usw2-az3'}, Tag{name='diskState', value='READY'}, Tag{name='nodeType', value='ELECTABLE'}, Tag{name='provider', value='AWS'}, Tag{name='region', value='US_WEST_2'}, Tag{name='workloadType', value='OPERATIONAL'}]}, electionId=null, setVersion=39, topologyVersion=TopologyVersion{processId=67ad1661da03e837d9dbb4e2, counter=3}, lastWriteDate=Fri Feb 28 05:47:24 PST 2025, lastUpdateTimeNanos=19569725194000}
2025-02-28 05:47:24,891 INFO o.s.b.w.e.t.TomcatWebServer [restartedMain] Tomcat started on port 8080 (http) with context path '/'
2025-02-28 05:47:24,896 INFO c.e.r.RecipeReviewApplication [restartedMain] Started RecipeReviewApplication in 0.644 seconds (process running for 6686.066)
2025-02-28 05:47:24,898 INFO o.s.b.d.a.ConditionEvaluationDeltaLoggingListener [restartedMain] Condition evaluation unchanged
2025-02-28 05:50:43,409 INFO o.s.b.d.a.LocalDevToolsAutoConfiguration$RestartingClassPathChangeChangedEventListener [File Watcher] Restarting due to 1 class path change (1 addition, 0 deletions, 0 modifications)
2025-02-28 05:50:43,537 INFO c.e.r.RecipeReviewApplication [restartedMain] Starting RecipeReviewApplication using Java 19.0.2 with PID 32804 (/Users/davidgim/coding_projects/yt_recipe_app/backend/recipe-review/target/classes started by davidgim in /Users/davidgim/coding_projects/yt_recipe_app/backend/recipe-review)
2025-02-28 05:50:43,537 INFO c.e.r.RecipeReviewApplication [restartedMain] The following 1 profile is active: "dev"
2025-02-28 05:50:43,616 INFO o.s.d.r.c.RepositoryConfigurationDelegate [restartedMain] Bootstrapping Spring Data MongoDB repositories in DEFAULT mode.
2025-02-28 05:50:43,622 INFO o.s.d.r.c.RepositoryConfigurationDelegate [restartedMain] Finished Spring Data repository scanning in 6 ms. Found 3 MongoDB repository interfaces.
2025-02-28 05:50:43,684 INFO o.s.b.w.e.t.TomcatWebServer [restartedMain] Tomcat initialized with port 8080 (http)
2025-02-28 05:50:43,685 INFO o.a.c.c.StandardService [restartedMain] Starting service [Tomcat]
2025-02-28 05:50:43,685 INFO o.a.c.c.StandardEngine [restartedMain] Starting Servlet engine: [Apache Tomcat/10.1.25]
2025-02-28 05:50:43,690 INFO o.a.c.c.C.[.[.[/] [restartedMain] Initializing Spring embedded WebApplicationContext
2025-02-28 05:50:43,690 INFO o.s.b.w.s.c.ServletWebServerApplicationContext [restartedMain] Root WebApplicationContext: initialization completed in 152 ms
2025-02-28 05:50:43,732 INFO o.m.d.client [restartedMain] MongoClient with metadata {"application": {"name": "Cluster0"}, "driver": {"name": "mongo-java-driver|sync|spring-boot", "version": "5.0.1"}, "os": {"type": "Darwin", "name": "Mac OS X", "architecture": "aarch64", "version": "12.0"}, "platform": "Java/Amazon.com Inc./19.0.2+7-FR"} created with settings MongoClientSettings{readPreference=primary, writeConcern=WriteConcern{w=majority, wTimeout=null ms, journal=null}, retryWrites=true, retryReads=true, readConcern=ReadConcern{level=null}, credential=MongoCredential{mechanism=null, userName='davidgim', source='admin', password=<hidden>, mechanismProperties=<hidden>}, transportSettings=null, commandListeners=[], codecRegistry=ProvidersCodecRegistry{codecProviders=[ValueCodecProvider{}, BsonValueCodecProvider{}, DBRefCodecProvider{}, DBObjectCodecProvider{}, DocumentCodecProvider{}, CollectionCodecProvider{}, IterableCodecProvider{}, MapCodecProvider{}, GeoJsonCodecProvider{}, GridFSFileCodecProvider{}, Jsr310CodecProvider{}, JsonObjectCodecProvider{}, BsonCodecProvider{}, EnumCodecProvider{}, com.mongodb.client.model.mql.ExpressionCodecProvider@4b8bb078, com.mongodb.Jep395RecordCodecProvider@6ab3c49f, com.mongodb.KotlinCodecProvider@3e9238b2]}, loggerSettings=LoggerSettings{maxDocumentLength=1000}, clusterSettings={hosts=[127.0.0.1:27017], srvHost=cluster0.vfjrvz5.mongodb.net, srvServiceName=mongodb, mode=MULTIPLE, requiredClusterType=REPLICA_SET, requiredReplicaSetName='atlas-dvv5fc-shard-0', serverSelector='null', clusterListeners='[]', serverSelectionTimeout='30000 ms', localThreshold='15 ms'}, socketSettings=SocketSettings{connectTimeoutMS=10000, readTimeoutMS=0, receiveBufferSize=0, proxySettings=ProxySettings{host=null, port=null, username=null, password=null}}, heartbeatSocketSettings=SocketSettings{connectTimeoutMS=10000, readTimeoutMS=10000, receiveBufferSize=0, proxySettings=ProxySettings{host=null, port=null, username=null, password=null}}, connectionPoolSettings=ConnectionPoolSettings{maxSize=100, minSize=0, maxWaitTimeMS=120000, maxConnectionLifeTimeMS=0, maxConnectionIdleTimeMS=0, maintenanceInitialDelayMS=0, maintenanceFrequencyMS=60000, connectionPoolListeners=[], maxConnecting=2}, serverSettings=ServerSettings{heartbeatFrequencyMS=10000, minHeartbeatFrequencyMS=500, serverListeners='[]', serverMonitorListeners='[]'}, sslSettings=SslSettings{enabled=true, invalidHostNameAllowed=false, context=null}, applicationName='Cluster0', compressorList=[], uuidRepresentation=JAVA_LEGACY, serverApi=null, autoEncryptionSettings=null, dnsClient=null, inetAddressResolver=null, contextProvider=null}
2025-02-28 05:50:43,754 INFO o.s.b.d.a.OptionalLiveReloadServer [restartedMain] LiveReload server is running on port 35729
2025-02-28 05:50:43,761 INFO o.s.s.c.a.a.c.InitializeUserDetailsBeanManagerConfigurer$InitializeUserDetailsManagerConfigurer [restartedMain] Global AuthenticationManager configured with UserDetailsService bean with name userService
2025-02-28 05:50:43,769 INFO o.m.d.cluster [cluster-ClusterId{value='67c1bf333843dd0268966578', description='Cluster0'}-srv-cluster0.vfjrvz5.mongodb.net] Adding discovered server ac-hh0g5km-shard-00-01.vfjrvz5.mongodb.net:27017 to client view of cluster
2025-02-28 05:50:43,770 INFO o.m.d.cluster [cluster-ClusterId{value='67c1bf333843dd0268966578', description='Cluster0'}-srv-cluster0.vfjrvz5.mongodb.net] Adding discovered server ac-hh0g5km-shard-00-02.vfjrvz5.mongodb.net:27017 to client view of cluster
2025-02-28 05:50:43,770 INFO o.m.d.cluster [cluster-ClusterId{value='67c1bf333843dd0268966578', description='Cluster0'}-srv-cluster0.vfjrvz5.mongodb.net] Adding discovered server ac-hh0g5km-shard-00-00.vfjrvz5.mongodb.net:27017 to client view of cluster
2025-02-28 05:50:43,839 INFO o.s.b.w.e.t.TomcatWebServer [restartedMain] Tomcat started on port 8080 (http) with context path '/'
2025-02-28 05:50:43,841 INFO c.e.r.RecipeReviewApplication [restartedMain] Started RecipeReviewApplication in 0.319 seconds (process running for 6885.011)
2025-02-28 05:50:43,842 INFO o.s.b.d.a.ConditionEvaluationDeltaLoggingListener [restartedMain] Condition evaluation unchanged
2025-02-28 05:50:43,934 INFO o.m.d.cluster [cluster-ClusterId{value='67c1bf333843dd0268966578', description='Cluster0'}-ac-hh0g5km-shard-00-00.vfjrvz5.mongodb.net:27017] Monitor thread successfully connected to server with description ServerDescription{address=ac-hh0g5km-shard-00-00.vfjrvz5.mongodb.net:27017, type=REPLICA_SET_SECONDARY, state=CONNECTED, ok=true, minWireVersion=0, maxWireVersion=25, maxDocumentSize=16777216, logicalSessionTimeoutMinutes=30, roundTripTimeNanos=86986250, setName='atlas-dvv5fc-shard-0', canonicalAddress=ac-hh0g5km-shard-00-00.vfjrvz5.mongodb.net:27017, hosts=[ac-hh0g5km-shard-00-00.vfjrvz5.mongodb.net:27017, ac-hh0g5km-shard-00-01.vfjrvz5.mongodb.net:27017, ac-hh0g5km-shard-00-02.vfjrvz5.mongodb.net:27017], passives=[], arbiters=[], primary='ac-hh0g5km-shard-00-01.vfjrvz5.mongodb.net:27017', tagSet=TagSet{[Tag{name='availabilityZone', value='usw2-az2'}, Tag{name='diskState', value='READY'}, Tag{name='nodeType', value='ELECTABLE'}, Tag{name='provider', value='AWS'}, Tag{name='region', value='US_WEST_2'}, Tag{name='workloadType', value='OPERATIONAL'}]}, electionId=null, setVersion=39, topologyVersion=TopologyVersion{processId=67ad0ff25aa6d78c30bc2521, counter=4}, lastWriteDate=Fri Feb 28 05:50:43 PST 2025, lastUpdateTimeNanos=19768864521166}
2025-02-28 05:50:43,934 INFO o.m.d.cluster [cluster-ClusterId{value='67c1bf333843dd0268966578', description='Cluster0'}-ac-hh0g5km-shard-00-01.vfjrvz5.mongodb.net:27017] Monitor thread successfully connected to server with description ServerDescription{address=ac-hh0g5km-shard-00-01.vfjrvz5.mongodb.net:27017, type=REPLICA_SET_PRIMARY, state=CONNECTED, ok=true, minWireVersion=0, maxWireVersion=25, maxDocumentSize=16777216, logicalSessionTimeoutMinutes=30, roundTripTimeNanos=102284958, setName='atlas-dvv5fc-shard-0', canonicalAddress=ac-hh0g5km-shard-00-01.vfjrvz5.mongodb.net:27017, hosts=[ac-hh0g5km-shard-00-00.vfjrvz5.mongodb.net:27017, ac-hh0g5km-shard-00-01.vfjrvz5.mongodb.net:27017, ac-hh0g5km-shard-00-02.vfjrvz5.mongodb.net:27017], passives=[], arbiters=[], primary='ac-hh0g5km-shard-00-01.vfjrvz5.mongodb.net:27017', tagSet=TagSet{[Tag{name='availabilityZone', value='usw2-az1'}, Tag{name='diskState', value='READY'}, Tag{name='nodeType', value='ELECTABLE'}, Tag{name='provider', value='AWS'}, Tag{name='region', value='US_WEST_2'}, Tag{name='workloadType', value='OPERATIONAL'}]}, electionId=7fffffff00000000000000d8, setVersion=39, topologyVersion=TopologyVersion{processId=67ad12a53f34254185d8fb50, counter=6}, lastWriteDate=Fri Feb 28 05:50:43 PST 2025, lastUpdateTimeNanos=19768864529125}
2025-02-28 05:50:43,934 INFO o.m.d.cluster [cluster-ClusterId{value='67c1bf333843dd0268966578', description='Cluster0'}-ac-hh0g5km-shard-00-01.vfjrvz5.mongodb.net:27017] Discovered replica set primary ac-hh0g5km-shard-00-01.vfjrvz5.mongodb.net:27017 with max election id 7fffffff00000000000000d8 and max set version 39
2025-02-28 05:50:43,946 INFO o.m.d.cluster [cluster-ClusterId{value='67c1bf333843dd0268966578', description='Cluster0'}-ac-hh0g5km-shard-00-02.vfjrvz5.mongodb.net:27017] Monitor thread successfully connected to server with description ServerDescription{address=ac-hh0g5km-shard-00-02.vfjrvz5.mongodb.net:27017, type=REPLICA_SET_SECONDARY, state=CONNECTED, ok=true, minWireVersion=0, maxWireVersion=25, maxDocumentSize=16777216, logicalSessionTimeoutMinutes=30, roundTripTimeNanos=99519167, setName='atlas-dvv5fc-shard-0', canonicalAddress=ac-hh0g5km-shard-00-02.vfjrvz5.mongodb.net:27017, hosts=[ac-hh0g5km-shard-00-00.vfjrvz5.mongodb.net:27017, ac-hh0g5km-shard-00-01.vfjrvz5.mongodb.net:27017, ac-hh0g5km-shard-00-02.vfjrvz5.mongodb.net:27017], passives=[], arbiters=[], primary='ac-hh0g5km-shard-00-01.vfjrvz5.mongodb.net:27017', tagSet=TagSet{[Tag{name='availabilityZone', value='usw2-az3'}, Tag{name='diskState', value='READY'}, Tag{name='nodeType', value='ELECTABLE'}, Tag{name='provider', value='AWS'}, Tag{name='region', value='US_WEST_2'}, Tag{name='workloadType', value='OPERATIONAL'}]}, electionId=null, setVersion=39, topologyVersion=TopologyVersion{processId=67ad1661da03e837d9dbb4e2, counter=3}, lastWriteDate=Fri Feb 28 05:50:44 PST 2025, lastUpdateTimeNanos=19768876998958}
2025-02-28 05:50:47,269 INFO o.s.b.d.a.LocalDevToolsAutoConfiguration$RestartingClassPathChangeChangedEventListener [File Watcher] Restarting due to 1 class path change (0 additions, 0 deletions, 1 modification)
2025-02-28 05:50:47,391 INFO c.e.r.RecipeReviewApplication [restartedMain] Starting RecipeReviewApplication using Java 19.0.2 with PID 32804 (/Users/davidgim/coding_projects/yt_recipe_app/backend/recipe-review/target/classes started by davidgim in /Users/davidgim/coding_projects/yt_recipe_app/backend/recipe-review)
2025-02-28 05:50:47,391 INFO c.e.r.RecipeReviewApplication [restartedMain] The following 1 profile is active: "dev"
2025-02-28 05:50:47,458 INFO o.s.d.r.c.RepositoryConfigurationDelegate [restartedMain] Bootstrapping Spring Data MongoDB repositories in DEFAULT mode.
2025-02-28 05:50:47,463 INFO o.s.d.r.c.RepositoryConfigurationDelegate [restartedMain] Finished Spring Data repository scanning in 4 ms. Found 3 MongoDB repository interfaces.
2025-02-28 05:50:47,519 INFO o.s.b.w.e.t.TomcatWebServer [restartedMain] Tomcat initialized with port 8080 (http)
2025-02-28 05:50:47,519 INFO o.a.c.c.StandardService [restartedMain] Starting service [Tomcat]
2025-02-28 05:50:47,519 INFO o.a.c.c.StandardEngine [restartedMain] Starting Servlet engine: [Apache Tomcat/10.1.25]
2025-02-28 05:50:47,523 INFO o.a.c.c.C.[.[.[/] [restartedMain] Initializing Spring embedded WebApplicationContext
2025-02-28 05:50:47,523 INFO o.s.b.w.s.c.ServletWebServerApplicationContext [restartedMain] Root WebApplicationContext: initialization completed in 131 ms
2025-02-28 05:50:47,581 INFO o.m.d.client [restartedMain] MongoClient with metadata {"application": {"name": "Cluster0"}, "driver": {"name": "mongo-java-driver|sync|spring-boot", "version": "5.0.1"}, "os": {"type": "Darwin", "name": "Mac OS X", "architecture": "aarch64", "version": "12.0"}, "platform": "Java/Amazon.com Inc./19.0.2+7-FR"} created with settings MongoClientSettings{readPreference=primary, writeConcern=WriteConcern{w=majority, wTimeout=null ms, journal=null}, retryWrites=true, retryReads=true, readConcern=ReadConcern{level=null}, credential=MongoCredential{mechanism=null, userName='davidgim', source='admin', password=<hidden>, mechanismProperties=<hidden>}, transportSettings=null, commandListeners=[], codecRegistry=ProvidersCodecRegistry{codecProviders=[ValueCodecProvider{}, BsonValueCodecProvider{}, DBRefCodecProvider{}, DBObjectCodecProvider{}, DocumentCodecProvider{}, CollectionCodecProvider{}, IterableCodecProvider{}, MapCodecProvider{}, GeoJsonCodecProvider{}, GridFSFileCodecProvider{}, Jsr310CodecProvider{}, JsonObjectCodecProvider{}, BsonCodecProvider{}, EnumCodecProvider{}, com.mongodb.client.model.mql.ExpressionCodecProvider@4b8bb078, com.mongodb.Jep395RecordCodecProvider@6ab3c49f, com.mongodb.KotlinCodecProvider@3e9238b2]}, loggerSettings=LoggerSettings{maxDocumentLength=1000}, clusterSettings={hosts=[127.0.0.1:27017], srvHost=cluster0.vfjrvz5.mongodb.net, srvServiceName=mongodb, mode=MULTIPLE, requiredClusterType=REPLICA_SET, requiredReplicaSetName='atlas-dvv5fc-shard-0', serverSelector='null', clusterListeners='[]', serverSelectionTimeout='30000 ms', localThreshold='15 ms'}, socketSettings=SocketSettings{connectTimeoutMS=10000, readTimeoutMS=0, receiveBufferSize=0, proxySettings=ProxySettings{host=null, port=null, username=null, password=null}}, heartbeatSocketSettings=SocketSettings{connectTimeoutMS=10000, readTimeoutMS=10000, receiveBufferSize=0, proxySettings=ProxySettings{host=null, port=null, username=null, password=null}}, connectionPoolSettings=ConnectionPoolSettings{maxSize=100, minSize=0, maxWaitTimeMS=120000, maxConnectionLifeTimeMS=0, maxConnectionIdleTimeMS=0, maintenanceInitialDelayMS=0, maintenanceFrequencyMS=60000, connectionPoolListeners=[], maxConnecting=2}, serverSettings=ServerSettings{heartbeatFrequencyMS=10000, minHeartbeatFrequencyMS=500, serverListeners='[]', serverMonitorListeners='[]'}, sslSettings=SslSettings{enabled=true, invalidHostNameAllowed=false, context=null}, applicationName='Cluster0', compressorList=[], uuidRepresentation=JAVA_LEGACY, serverApi=null, autoEncryptionSettings=null, dnsClient=null, inetAddressResolver=null, contextProvider=null}
2025-02-28 05:50:47,599 INFO o.s.b.d.a.OptionalLiveReloadServer [restartedMain] LiveReload server is running on port 35729
2025-02-28 05:50:47,603 INFO o.m.d.cluster [cluster-ClusterId{value='67c1bf373843dd0268966579', description='Cluster0'}-srv-cluster0.vfjrvz5.mongodb.net] Adding discovered server ac-hh0g5km-shard-00-01.vfjrvz5.mongodb.net:27017 to client view of cluster
2025-02-28 05:50:47,603 INFO o.m.d.cluster [cluster-ClusterId{value='67c1bf373843dd0268966579', description='Cluster0'}-srv-cluster0.vfjrvz5.mongodb.net] Adding discovered server ac-hh0g5km-shard-00-02.vfjrvz5.mongodb.net:27017 to client view of cluster
2025-02-28 05:50:47,604 INFO o.m.d.cluster [cluster-ClusterId{value='67c1bf373843dd0268966579', description='Cluster0'}-srv-cluster0.vfjrvz5.mongodb.net] Adding discovered server ac-hh0g5km-shard-00-00.vfjrvz5.mongodb.net:27017 to client view of cluster
2025-02-28 05:50:47,605 INFO o.s.s.c.a.a.c.InitializeUserDetailsBeanManagerConfigurer$InitializeUserDetailsManagerConfigurer [restartedMain] Global AuthenticationManager configured with UserDetailsService bean with name userService
2025-02-28 05:50:47,670 INFO o.s.b.w.e.t.TomcatWebServer [restartedMain] Tomcat started on port 8080 (http) with context path '/'
2025-02-28 05:50:47,672 INFO c.e.r.RecipeReviewApplication [restartedMain] Started RecipeReviewApplication in 0.294 seconds (process running for 6888.842)
2025-02-28 05:50:47,672 INFO o.m.d.cluster [cluster-ClusterId{value='67c1bf373843dd0268966579', description='Cluster0'}-ac-hh0g5km-shard-00-01.vfjrvz5.mongodb.net:27017] Monitor thread successfully connected to server with description ServerDescription{address=ac-hh0g5km-shard-00-01.vfjrvz5.mongodb.net:27017, type=REPLICA_SET_PRIMARY, state=CONNECTED, ok=true, minWireVersion=0, maxWireVersion=25, maxDocumentSize=16777216, logicalSessionTimeoutMinutes=30, roundTripTimeNanos=51994167, setName='atlas-dvv5fc-shard-0', canonicalAddress=ac-hh0g5km-shard-00-01.vfjrvz5.mongodb.net:27017, hosts=[ac-hh0g5km-shard-00-00.vfjrvz5.mongodb.net:27017, ac-hh0g5km-shard-00-01.vfjrvz5.mongodb.net:27017, ac-hh0g5km-shard-00-02.vfjrvz5.mongodb.net:27017], passives=[], arbiters=[], primary='ac-hh0g5km-shard-00-01.vfjrvz5.mongodb.net:27017', tagSet=TagSet{[Tag{name='availabilityZone', value='usw2-az1'}, Tag{name='diskState', value='READY'}, Tag{name='nodeType', value='ELECTABLE'}, Tag{name='provider', value='AWS'}, Tag{name='region', value='US_WEST_2'}, Tag{name='workloadType', value='OPERATIONAL'}]}, electionId=7fffffff00000000000000d8, setVersion=39, topologyVersion=TopologyVersion{processId=67ad12a53f34254185d8fb50, counter=6}, lastWriteDate=Fri Feb 28 05:50:47 PST 2025, lastUpdateTimeNanos=19772603560666}
2025-02-28 05:50:47,672 INFO o.m.d.cluster [cluster-ClusterId{value='67c1bf373843dd0268966579', description='Cluster0'}-ac-hh0g5km-shard-00-00.vfjrvz5.mongodb.net:27017] Monitor thread successfully connected to server with description ServerDescription{address=ac-hh0g5km-shard-00-00.vfjrvz5.mongodb.net:27017, type=REPLICA_SET_SECONDARY, state=CONNECTED, ok=true, minWireVersion=0, maxWireVersion=25, maxDocumentSize=16777216, logicalSessionTimeoutMinutes=30, roundTripTimeNanos=46191792, setName='atlas-dvv5fc-shard-0', canonicalAddress=ac-hh0g5km-shard-00-00.vfjrvz5.mongodb.net:27017, hosts=[ac-hh0g5km-shard-00-00.vfjrvz5.mongodb.net:27017, ac-hh0g5km-shard-00-01.vfjrvz5.mongodb.net:27017, ac-hh0g5km-shard-00-02.vfjrvz5.mongodb.net:27017], passives=[], arbiters=[], primary='ac-hh0g5km-shard-00-01.vfjrvz5.mongodb.net:27017', tagSet=TagSet{[Tag{name='availabilityZone', value='usw2-az2'}, Tag{name='diskState', value='READY'}, Tag{name='nodeType', value='ELECTABLE'}, Tag{name='provider', value='AWS'}, Tag{name='region', value='US_WEST_2'}, Tag{name='workloadType', value='OPERATIONAL'}]}, electionId=null, setVersion=39, topologyVersion=TopologyVersion{processId=67ad0ff25aa6d78c30bc2521, counter=4}, lastWriteDate=Fri Feb 28 05:50:47 PST 2025, lastUpdateTimeNanos=19772603561125}
2025-02-28 05:50:47,673 INFO o.m.d.cluster [cluster-ClusterId{value='67c1bf373843dd0268966579', description='Cluster0'}-ac-hh0g5km-shard-00-01.vfjrvz5.mongodb.net:27017] Discovered replica set primary ac-hh0g5km-shard-00-01.vfjrvz5.mongodb.net:27017 with max election id 7fffffff00000000000000d8 and max set version 39
2025-02-28 05:50:47,673 INFO o.s.b.d.a.ConditionEvaluationDeltaLoggingListener [restartedMain] Condition evaluation unchanged
2025-02-28 05:50:47,722 INFO o.m.d.cluster [cluster-ClusterId{value='67c1bf373843dd0268966579', description='Cluster0'}-ac-hh0g5km-shard-00-02.vfjrvz5.mongodb.net:27017] Monitor thread successfully connected to server with description ServerDescription{address=ac-hh0g5km-shard-00-02.vfjrvz5.mongodb.net:27017, type=REPLICA_SET_SECONDARY, state=CONNECTED, ok=true, minWireVersion=0, maxWireVersion=25, maxDocumentSize=16777216, logicalSessionTimeoutMinutes=30, roundTripTimeNanos=94880375, setName='atlas-dvv5fc-shard-0', canonicalAddress=ac-hh0g5km-shard-00-02.vfjrvz5.mongodb.net:27017, hosts=[ac-hh0g5km-shard-00-00.vfjrvz5.mongodb.net:27017, ac-hh0g5km-shard-00-01.vfjrvz5.mongodb.net:27017, ac-hh0g5km-shard-00-02.vfjrvz5.mongodb.net:27017], passives=[], arbiters=[], primary='ac-hh0g5km-shard-00-01.vfjrvz5.mongodb.net:27017', tagSet=TagSet{[Tag{name='availabilityZone', value='usw2-az3'}, Tag{name='diskState', value='READY'}, Tag{name='nodeType', value='ELECTABLE'}, Tag{name='provider', value='AWS'}, Tag{name='region', value='US_WEST_2'}, Tag{name='workloadType', value='OPERATIONAL'}]}, electionId=null, setVersion=39, topologyVersion=TopologyVersion{processId=67ad1661da03e837d9dbb4e2, counter=3}, lastWriteDate=Fri Feb 28 05:50:47 PST 2025, lastUpdateTimeNanos=19772653451375}
2025-02-28 05:55:19,558 INFO o.s.b.d.a.LocalDevToolsAutoConfiguration$RestartingClassPathChangeChangedEventListener [File Watcher] Restarting due to 31 class path changes (0 additions, 0 deletions, 31 modifications)
2025-02-28 05:55:19,673 INFO c.e.r.RecipeReviewApplication [restartedMain] Starting RecipeReviewApplication using Java 19.0.2 with PID 32804 (/Users/davidgim/coding_projects/yt_recipe_app/backend/recipe-review/target/classes started by davidgim in /Users/davidgim/coding_projects/yt_recipe_app/backend/recipe-review)
2025-02-28 05:55:19,673 INFO c.e.r.RecipeReviewApplication [restartedMain] The following 1 profile is active: "dev"
2025-02-28 05:55:19,751 INFO o.s.d.r.c.RepositoryConfigurationDelegate [restartedMain] Bootstrapping Spring Data MongoDB repositories in DEFAULT mode.
2025-02-28 05:55:19,755 INFO o.s.d.r.c.RepositoryConfigurationDelegate [restartedMain] Finished Spring Data repository scanning in 4 ms. Found 3 MongoDB repository interfaces.
2025-02-28 05:55:19,820 INFO o.s.b.w.e.t.TomcatWebServer [restartedMain] Tomcat initialized with port 8080 (http)
2025-02-28 05:55:19,823 INFO o.a.c.c.StandardService [restartedMain] Starting service [Tomcat]
2025-02-28 05:55:19,823 INFO o.a.c.c.StandardEngine [restartedMain] Starting Servlet engine: [Apache Tomcat/10.1.25]
2025-02-28 05:55:19,827 INFO o.a.c.c.C.[.[.[/] [restartedMain] Initializing Spring embedded WebApplicationContext
2025-02-28 05:55:19,828 INFO o.s.b.w.s.c.ServletWebServerApplicationContext [restartedMain] Root WebApplicationContext: initialization completed in 154 ms
2025-02-28 05:55:19,868 INFO o.m.d.client [restartedMain] MongoClient with metadata {"application": {"name": "Cluster0"}, "driver": {"name": "mongo-java-driver|sync|spring-boot", "version": "5.0.1"}, "os": {"type": "Darwin", "name": "Mac OS X", "architecture": "aarch64", "version": "12.0"}, "platform": "Java/Amazon.com Inc./19.0.2+7-FR"} created with settings MongoClientSettings{readPreference=primary, writeConcern=WriteConcern{w=majority, wTimeout=null ms, journal=null}, retryWrites=true, retryReads=true, readConcern=ReadConcern{level=null}, credential=MongoCredential{mechanism=null, userName='davidgim', source='admin', password=<hidden>, mechanismProperties=<hidden>}, transportSettings=null, commandListeners=[], codecRegistry=ProvidersCodecRegistry{codecProviders=[ValueCodecProvider{}, BsonValueCodecProvider{}, DBRefCodecProvider{}, DBObjectCodecProvider{}, DocumentCodecProvider{}, CollectionCodecProvider{}, IterableCodecProvider{}, MapCodecProvider{}, GeoJsonCodecProvider{}, GridFSFileCodecProvider{}, Jsr310CodecProvider{}, JsonObjectCodecProvider{}, BsonCodecProvider{}, EnumCodecProvider{}, com.mongodb.client.model.mql.ExpressionCodecProvider@4b8bb078, com.mongodb.Jep395RecordCodecProvider@6ab3c49f, com.mongodb.KotlinCodecProvider@3e9238b2]}, loggerSettings=LoggerSettings{maxDocumentLength=1000}, clusterSettings={hosts=[127.0.0.1:27017], srvHost=cluster0.vfjrvz5.mongodb.net, srvServiceName=mongodb, mode=MULTIPLE, requiredClusterType=REPLICA_SET, requiredReplicaSetName='atlas-dvv5fc-shard-0', serverSelector='null', clusterListeners='[]', serverSelectionTimeout='30000 ms', localThreshold='15 ms'}, socketSettings=SocketSettings{connectTimeoutMS=10000, readTimeoutMS=0, receiveBufferSize=0, proxySettings=ProxySettings{host=null, port=null, username=null, password=null}}, heartbeatSocketSettings=SocketSettings{connectTimeoutMS=10000, readTimeoutMS=10000, receiveBufferSize=0, proxySettings=ProxySettings{host=null, port=null, username=null, password=null}}, connectionPoolSettings=ConnectionPoolSettings{maxSize=100, minSize=0, maxWaitTimeMS=120000, maxConnectionLifeTimeMS=0, maxConnectionIdleTimeMS=0, maintenanceInitialDelayMS=0, maintenanceFrequencyMS=60000, connectionPoolListeners=[], maxConnecting=2}, serverSettings=ServerSettings{heartbeatFrequencyMS=10000, minHeartbeatFrequencyMS=500, serverListeners='[]', serverMonitorListeners='[]'}, sslSettings=SslSettings{enabled=true, invalidHostNameAllowed=false, context=null}, applicationName='Cluster0', compressorList=[], uuidRepresentation=JAVA_LEGACY, serverApi=null, autoEncryptionSettings=null, dnsClient=null, inetAddressResolver=null, contextProvider=null}
2025-02-28 05:55:19,891 INFO o.s.b.d.a.OptionalLiveReloadServer [restartedMain] LiveReload server is running on port 35729
2025-02-28 05:55:19,897 INFO o.s.s.c.a.a.c.InitializeUserDetailsBeanManagerConfigurer$InitializeUserDetailsManagerConfigurer [restartedMain] Global AuthenticationManager configured with UserDetailsService bean with name userService
2025-02-28 05:55:19,910 INFO o.m.d.cluster [cluster-ClusterId{value='67c1c0473843dd026896657a', description='Cluster0'}-srv-cluster0.vfjrvz5.mongodb.net] Adding discovered server ac-hh0g5km-shard-00-01.vfjrvz5.mongodb.net:27017 to client view of cluster
2025-02-28 05:55:19,910 INFO o.m.d.cluster [cluster-ClusterId{value='67c1c0473843dd026896657a', description='Cluster0'}-srv-cluster0.vfjrvz5.mongodb.net] Adding discovered server ac-hh0g5km-shard-00-02.vfjrvz5.mongodb.net:27017 to client view of cluster
2025-02-28 05:55:19,911 INFO o.m.d.cluster [cluster-ClusterId{value='67c1c0473843dd026896657a', description='Cluster0'}-srv-cluster0.vfjrvz5.mongodb.net] Adding discovered server ac-hh0g5km-shard-00-00.vfjrvz5.mongodb.net:27017 to client view of cluster
2025-02-28 05:55:19,960 INFO o.h.v.i.u.Version [background-preinit] HV000001: Hibernate Validator 8.0.1.Final
2025-02-28 05:55:19,970 INFO c.e.r.RecipeReviewApplicationTests [main] Starting RecipeReviewApplicationTests using Java 19.0.2 with PID 29776 (started by davidgim in /Users/davidgim/coding_projects/yt_recipe_app/backend/recipe-review)
2025-02-28 05:55:19,971 INFO c.e.r.RecipeReviewApplicationTests [main] The following 1 profile is active: "dev"
2025-02-28 05:55:19,979 INFO o.s.b.w.e.t.TomcatWebServer [restartedMain] Tomcat started on port 8080 (http) with context path '/'
2025-02-28 05:55:19,982 INFO c.e.r.RecipeReviewApplication [restartedMain] Started RecipeReviewApplication in 0.324 seconds (process running for 7161.153)
2025-02-28 05:55:19,983 INFO o.s.b.d.a.ConditionEvaluationDeltaLoggingListener [restartedMain] Condition evaluation unchanged
2025-02-28 05:55:20,012 INFO o.m.d.cluster [cluster-ClusterId{value='67c1c0473843dd026896657a', description='Cluster0'}-ac-hh0g5km-shard-00-01.vfjrvz5.mongodb.net:27017] Monitor thread successfully connected to server with description ServerDescription{address=ac-hh0g5km-shard-00-01.vfjrvz5.mongodb.net:27017, type=REPLICA_SET_PRIMARY, state=CONNECTED, ok=true, minWireVersion=0, maxWireVersion=25, maxDocumentSize=16777216, logicalSessionTimeoutMinutes=30, roundTripTimeNanos=51365625, setName='atlas-dvv5fc-shard-0', canonicalAddress=ac-hh0g5km-shard-00-01.vfjrvz5.mongodb.net:27017, hosts=[ac-hh0g5km-shard-00-00.vfjrvz5.mongodb.net:27017, ac-hh0g5km-shard-00-01.vfjrvz5.mongodb.net:27017, ac-hh0g5km-shard-00-02.vfjrvz5.mongodb.net:27017], passives=[], arbiters=[], primary='ac-hh0g5km-shard-00-01.vfjrvz5.mongodb.net:27017', tagSet=TagSet{[Tag{name='availabilityZone', value='usw2-az1'}, Tag{name='diskState', value='READY'}, Tag{name='nodeType', value='ELECTABLE'}, Tag{name='provider', value='AWS'}, Tag{name='region', value='US_WEST_2'}, Tag{name='workloadType', value='OPERATIONAL'}]}, electionId=7fffffff00000000000000d8, setVersion=39, topologyVersion=TopologyVersion{processId=67ad12a53f34254185d8fb50, counter=6}, lastWriteDate=Fri Feb 28 05:55:20 PST 2025, lastUpdateTimeNanos=20044944347125}
2025-02-28 05:55:20,013 INFO o.m.d.cluster [cluster-ClusterId{value='67c1c0473843dd026896657a', description='Cluster0'}-ac-hh0g5km-shard-00-01.vfjrvz5.mongodb.net:27017] Discovered replica set primary ac-hh0g5km-shard-00-01.vfjrvz5.mongodb.net:27017 with max election id 7fffffff00000000000000d8 and max set version 39
2025-02-28 05:55:20,047 INFO o.m.d.cluster [cluster-ClusterId{value='67c1c0473843dd026896657a', description='Cluster0'}-ac-hh0g5km-shard-00-00.vfjrvz5.mongodb.net:27017] Monitor thread successfully connected to server with description ServerDescription{address=ac-hh0g5km-shard-00-00.vfjrvz5.mongodb.net:27017, type=REPLICA_SET_SECONDARY, state=CONNECTED, ok=true, minWireVersion=0, maxWireVersion=25, maxDocumentSize=16777216, logicalSessionTimeoutMinutes=30, roundTripTimeNanos=48763917, setName='atlas-dvv5fc-shard-0', canonicalAddress=ac-hh0g5km-shard-00-00.vfjrvz5.mongodb.net:27017, hosts=[ac-hh0g5km-shard-00-00.vfjrvz5.mongodb.net:27017, ac-hh0g5km-shard-00-01.vfjrvz5.mongodb.net:27017, ac-hh0g5km-shard-00-02.vfjrvz5.mongodb.net:27017], passives=[], arbiters=[], primary='ac-hh0g5km-shard-00-01.vfjrvz5.mongodb.net:27017', tagSet=TagSet{[Tag{name='availabilityZone', value='usw2-az2'}, Tag{name='diskState', value='READY'}, Tag{name='nodeType', value='ELECTABLE'}, Tag{name='provider', value='AWS'}, Tag{name='region', value='US_WEST_2'}, Tag{name='workloadType', value='OPERATIONAL'}]}, electionId=null, setVersion=39, topologyVersion=TopologyVersion{processId=67ad0ff25aa6d78c30bc2521, counter=4}, lastWriteDate=Fri Feb 28 05:55:20 PST 2025, lastUpdateTimeNanos=20044979035125}
2025-02-28 05:55:20,071 INFO o.m.d.cluster [cluster-ClusterId{value='67c1c0473843dd026896657a', description='Cluster0'}-ac-hh0g5km-shard-00-02.vfjrvz5.mongodb.net:27017] Monitor thread successfully connected to server with description ServerDescription{address=ac-hh0g5km-shard-00-02.vfjrvz5.mongodb.net:27017, type=REPLICA_SET_SECONDARY, state=CONNECTED, ok=true, minWireVersion=0, maxWireVersion=25, maxDocumentSize=16777216, logicalSessionTimeoutMinutes=30, roundTripTimeNanos=101876792, setName='atlas-dvv5fc-shard-0', canonicalAddress=ac-hh0g5km-shard-00-02.vfjrvz5.mongodb.net:27017, hosts=[ac-hh0g5km-shard-00-00.vfjrvz5.mongodb.net:27017, ac-hh0g5km-shard-00-01.vfjrvz5.mongodb.net:27017, ac-hh0g5km-shard-00-02.vfjrvz5.mongodb.net:27017], passives=[], arbiters=[], primary='ac-hh0g5km-shard-00-01.vfjrvz5.mongodb.net:27017', tagSet=TagSet{[Tag{name='availabilityZone', value='usw2-az3'}, Tag{name='diskState', value='READY'}, Tag{name='nodeType', value='ELECTABLE'}, Tag{name='provider', value='AWS'}, Tag{name='region', value='US_WEST_2'}, Tag{name='workloadType', value='OPERATIONAL'}]}, electionId=null, setVersion=39, topologyVersion=TopologyVersion{processId=67ad1661da03e837d9dbb4e2, counter=3}, lastWriteDate=Fri Feb 28 05:55:20 PST 2025, lastUpdateTimeNanos=20045003596083}
2025-02-28 05:55:20,326 INFO o.s.d.r.c.RepositoryConfigurationDelegate [main] Bootstrapping Spring Data MongoDB repositories in DEFAULT mode.
2025-02-28 05:55:20,363 INFO o.s.d.r.c.RepositoryConfigurationDelegate [main] Finished Spring Data repository scanning in 28 ms. Found 3 MongoDB repository interfaces.
2025-02-28 05:55:20,709 INFO o.m.d.client [main] MongoClient with metadata {"application": {"name": "Cluster0"}, "driver": {"name": "mongo-java-driver|sync|spring-boot", "version": "5.0.1"}, "os": {"type": "Darwin", "name": "Mac OS X", "architecture": "aarch64", "version": "12.0"}, "platform": "Java/Amazon.com Inc./19.0.2+7-FR"} created with settings MongoClientSettings{readPreference=primary, writeConcern=WriteConcern{w=majority, wTimeout=null ms, journal=null}, retryWrites=true, retryReads=true, readConcern=ReadConcern{level=null}, credential=MongoCredential{mechanism=null, userName='davidgim', source='admin', password=<hidden>, mechanismProperties=<hidden>}, transportSettings=null, commandListeners=[], codecRegistry=ProvidersCodecRegistry{codecProviders=[ValueCodecProvider{}, BsonValueCodecProvider{}, DBRefCodecProvider{}, DBObjectCodecProvider{}, DocumentCodecProvider{}, CollectionCodecProvider{}, IterableCodecProvider{}, MapCodecProvider{}, GeoJsonCodecProvider{}, GridFSFileCodecProvider{}, Jsr310CodecProvider{}, JsonObjectCodecProvider{}, BsonCodecProvider{}, EnumCodecProvider{}, com.mongodb.client.model.mql.ExpressionCodecProvider@5d508d22, com.mongodb.Jep395RecordCodecProvider@f2b90fc, com.mongodb.KotlinCodecProvider@2bb41f5c]}, loggerSettings=LoggerSettings{maxDocumentLength=1000}, clusterSettings={hosts=[127.0.0.1:27017], srvHost=cluster0.vfjrvz5.mongodb.net, srvServiceName=mongodb, mode=MULTIPLE, requiredClusterType=REPLICA_SET, requiredReplicaSetName='atlas-dvv5fc-shard-0', serverSelector='null', clusterListeners='[]', serverSelectionTimeout='30000 ms', localThreshold='15 ms'}, socketSettings=SocketSettings{connectTimeoutMS=10000, readTimeoutMS=0, receiveBufferSize=0, proxySettings=ProxySettings{host=null, port=null, username=null, password=null}}, heartbeatSocketSettings=SocketSettings{connectTimeoutMS=10000, readTimeoutMS=10000, receiveBufferSize=0, proxySettings=ProxySettings{host=null, port=null, username=null, password=null}}, connectionPoolSettings=ConnectionPoolSettings{maxSize=100, minSize=0, maxWaitTimeMS=120000, maxConnectionLifeTimeMS=0, maxConnectionIdleTimeMS=0, maintenanceInitialDelayMS=0, maintenanceFrequencyMS=60000, connectionPoolListeners=[], maxConnecting=2}, serverSettings=ServerSettings{heartbeatFrequencyMS=10000, minHeartbeatFrequencyMS=500, serverListeners='[]', serverMonitorListeners='[]'}, sslSettings=SslSettings{enabled=true, invalidHostNameAllowed=false, context=null}, applicationName='Cluster0', compressorList=[], uuidRepresentation=JAVA_LEGACY, serverApi=null, autoEncryptionSettings=null, dnsClient=null, inetAddressResolver=null, contextProvider=null}
2025-02-28 05:55:20,741 INFO o.m.d.cluster [cluster-ClusterId{value='67c1c0486c3aee7e071c5fd3', description='Cluster0'}-srv-cluster0.vfjrvz5.mongodb.net] Adding discovered server ac-hh0g5km-shard-00-01.vfjrvz5.mongodb.net:27017 to client view of cluster
2025-02-28 05:55:20,755 INFO o.m.d.cluster [cluster-ClusterId{value='67c1c0486c3aee7e071c5fd3', description='Cluster0'}-srv-cluster0.vfjrvz5.mongodb.net] Adding discovered server ac-hh0g5km-shard-00-02.vfjrvz5.mongodb.net:27017 to client view of cluster
2025-02-28 05:55:20,757 INFO o.m.d.cluster [cluster-ClusterId{value='67c1c0486c3aee7e071c5fd3', description='Cluster0'}-srv-cluster0.vfjrvz5.mongodb.net] Adding discovered server ac-hh0g5km-shard-00-00.vfjrvz5.mongodb.net:27017 to client view of cluster
2025-02-28 05:55:20,924 INFO o.s.s.c.a.a.c.InitializeUserDetailsBeanManagerConfigurer$InitializeUserDetailsManagerConfigurer [main] Global AuthenticationManager configured with UserDetailsService bean with name userService
2025-02-28 05:55:21,097 INFO o.m.d.cluster [cluster-ClusterId{value='67c1c0486c3aee7e071c5fd3', description='Cluster0'}-ac-hh0g5km-shard-00-00.vfjrvz5.mongodb.net:27017] Monitor thread successfully connected to server with description ServerDescription{address=ac-hh0g5km-shard-00-00.vfjrvz5.mongodb.net:27017, type=REPLICA_SET_SECONDARY, state=CONNECTED, ok=true, minWireVersion=0, maxWireVersion=25, maxDocumentSize=16777216, logicalSessionTimeoutMinutes=30, roundTripTimeNanos=191794750, setName='atlas-dvv5fc-shard-0', canonicalAddress=ac-hh0g5km-shard-00-00.vfjrvz5.mongodb.net:27017, hosts=[ac-hh0g5km-shard-00-00.vfjrvz5.mongodb.net:27017, ac-hh0g5km-shard-00-01.vfjrvz5.mongodb.net:27017, ac-hh0g5km-shard-00-02.vfjrvz5.mongodb.net:27017], passives=[], arbiters=[], primary='ac-hh0g5km-shard-00-01.vfjrvz5.mongodb.net:27017', tagSet=TagSet{[Tag{name='availabilityZone', value='usw2-az2'}, Tag{name='diskState', value='READY'}, Tag{name='nodeType', value='ELECTABLE'}, Tag{name='provider', value='AWS'}, Tag{name='region', value='US_WEST_2'}, Tag{name='workloadType', value='OPERATIONAL'}]}, electionId=null, setVersion=39, topologyVersion=TopologyVersion{processId=67ad0ff25aa6d78c30bc2521, counter=4}, lastWriteDate=Fri Feb 28 05:55:21 PST 2025, lastUpdateTimeNanos=20046027890708}
2025-02-28 05:55:21,097 INFO o.m.d.cluster [cluster-ClusterId{value='67c1c0486c3aee7e071c5fd3', description='Cluster0'}-ac-hh0g5km-shard-00-02.vfjrvz5.mongodb.net:27017] Monitor thread successfully connected to server with description ServerDescription{address=ac-hh0g5km-shard-00-02.vfjrvz5.mongodb.net:27017, type=REPLICA_SET_SECONDARY, state=CONNECTED, ok=true, minWireVersion=0, maxWireVersion=25, maxDocumentSize=16777216, logicalSessionTimeoutMinutes=30, roundTripTimeNanos=189759625, setName='atlas-dvv5fc-shard-0', canonicalAddress=ac-hh0g5km-shard-00-02.vfjrvz5.mongodb.net:27017, hosts=[ac-hh0g5km-shard-00-00.vfjrvz5.mongodb.net:27017, ac-hh0g5km-shard-00-01.vfjrvz5.mongodb.net:27017, ac-hh0g5km-shard-00-02.vfjrvz5.mongodb.net:27017], passives=[], arbiters=[], primary='ac-hh0g5km-shard-00-01.vfjrvz5.mongodb.net:27017', tagSet=TagSet{[Tag{name='availabilityZone', value='usw2-az3'}, Tag{name='diskState', value='READY'}, Tag{name='nodeType', value='ELECTABLE'}, Tag{name='provider', value='AWS'}, Tag{name='region', value='US_WEST_2'}, Tag{name='workloadType', value='OPERATIONAL'}]}, electionId=null, setVersion=39, topologyVersion=TopologyVersion{processId=67ad1661da03e837d9dbb4e2, counter=3}, lastWriteDate=Fri Feb 28 05:55:21 PST 2025, lastUpdateTimeNanos=20046027881291}
2025-02-28 05:55:21,097 INFO o.m.d.cluster [cluster-ClusterId{value='67c1c0486c3aee7e071c5fd3', description='Cluster0'}-ac-hh0g5km-shard-00-01.vfjrvz5.mongodb.net:27017] Monitor thread successfully connected to server with description ServerDescription{address=ac-hh0g5km-shard-00-01.vfjrvz5.mongodb.net:27017, type=REPLICA_SET_PRIMARY, state=CONNECTED, ok=true, minWireVersion=0, maxWireVersion=25, maxDocumentSize=16777216, logicalSessionTimeoutMinutes=30, roundTripTimeNanos=195803792, setName='atlas-dvv5fc-shard-0', canonicalAddress=ac-hh0g5km-shard-00-01.vfjrvz5.mongodb.net:27017, hosts=[ac-hh0g5km-shard-00-00.vfjrvz5.mongodb.net:27017, ac-hh0g5km-shard-00-01.vfjrvz5.mongodb.net:27017, ac-hh0g5km-shard-00-02.vfjrvz5.mongodb.net:27017], passives=[], arbiters=[], primary='ac-hh0g5km-shard-00-01.vfjrvz5.mongodb.net:27017', tagSet=TagSet{[Tag{name='availabilityZone', value='usw2-az1'}, Tag{name='diskState', value='READY'}, Tag{name='nodeType', value='ELECTABLE'}, Tag{name='provider', value='AWS'}, Tag{name='region', value='US_WEST_2'}, Tag{name='workloadType', value='OPERATIONAL'}]}, electionId=7fffffff00000000000000d8, setVersion=39, topologyVersion=TopologyVersion{processId=67ad12a53f34254185d8fb50, counter=6}, lastWriteDate=Fri Feb 28 05:55:21 PST 2025, lastUpdateTimeNanos=20046027920375}
2025-02-28 05:55:21,099 INFO o.m.d.cluster [cluster-ClusterId{value='67c1c0486c3aee7e071c5fd3', description='Cluster0'}-ac-hh0g5km-shard-00-01.vfjrvz5.mongodb.net:27017] Discovered replica set primary ac-hh0g5km-shard-00-01.vfjrvz5.mongodb.net:27017 with max election id 7fffffff00000000000000d8 and max set version 39
2025-02-28 05:55:21,312 INFO c.e.r.RecipeReviewApplicationTests [main] Started RecipeReviewApplicationTests in 1.568 seconds (process running for 2.099)
2025-02-28 06:59:35,341 INFO o.s.b.d.a.LocalDevToolsAutoConfiguration$RestartingClassPathChangeChangedEventListener [File Watcher] Restarting due to 2 class path changes (0 additions, 0 deletions, 2 modifications)
2025-02-28 06:59:35,484 INFO c.e.r.RecipeReviewApplication [restartedMain] Starting RecipeReviewApplication using Java 19.0.2 with PID 32804 (/Users/davidgim/coding_projects/yt_recipe_app/backend/recipe-review/target/classes started by davidgim in /Users/davidgim/coding_projects/yt_recipe_app/backend/recipe-review)
2025-02-28 06:59:35,484 INFO c.e.r.RecipeReviewApplication [restartedMain] The following 1 profile is active: "dev"
2025-02-28 06:59:35,552 INFO o.s.d.r.c.RepositoryConfigurationDelegate [restartedMain] Bootstrapping Spring Data MongoDB repositories in DEFAULT mode.
2025-02-28 06:59:35,557 INFO o.s.d.r.c.RepositoryConfigurationDelegate [restartedMain] Finished Spring Data repository scanning in 4 ms. Found 3 MongoDB repository interfaces.
2025-02-28 06:59:35,609 INFO o.s.b.w.e.t.TomcatWebServer [restartedMain] Tomcat initialized with port 8080 (http)
2025-02-28 06:59:35,610 INFO o.a.c.c.StandardService [restartedMain] Starting service [Tomcat]
2025-02-28 06:59:35,610 INFO o.a.c.c.StandardEngine [restartedMain] Starting Servlet engine: [Apache Tomcat/10.1.25]
2025-02-28 06:59:35,614 INFO o.a.c.c.C.[.[.[/] [restartedMain] Initializing Spring embedded WebApplicationContext
2025-02-28 06:59:35,614 INFO o.s.b.w.s.c.ServletWebServerApplicationContext [restartedMain] Root WebApplicationContext: initialization completed in 129 ms
2025-02-28 06:59:35,655 INFO o.m.d.client [restartedMain] MongoClient with metadata {"application": {"name": "Cluster0"}, "driver": {"name": "mongo-java-driver|sync|spring-boot", "version": "5.0.1"}, "os": {"type": "Darwin", "name": "Mac OS X", "architecture": "aarch64", "version": "12.0"}, "platform": "Java/Amazon.com Inc./19.0.2+7-FR"} created with settings MongoClientSettings{readPreference=primary, writeConcern=WriteConcern{w=majority, wTimeout=null ms, journal=null}, retryWrites=true, retryReads=true, readConcern=ReadConcern{level=null}, credential=MongoCredential{mechanism=null, userName='davidgim', source='admin', password=<hidden>, mechanismProperties=<hidden>}, transportSettings=null, commandListeners=[], codecRegistry=ProvidersCodecRegistry{codecProviders=[ValueCodecProvider{}, BsonValueCodecProvider{}, DBRefCodecProvider{}, DBObjectCodecProvider{}, DocumentCodecProvider{}, CollectionCodecProvider{}, IterableCodecProvider{}, MapCodecProvider{}, GeoJsonCodecProvider{}, GridFSFileCodecProvider{}, Jsr310CodecProvider{}, JsonObjectCodecProvider{}, BsonCodecProvider{}, EnumCodecProvider{}, com.mongodb.client.model.mql.ExpressionCodecProvider@4b8bb078, com.mongodb.Jep395RecordCodecProvider@6ab3c49f, com.mongodb.KotlinCodecProvider@3e9238b2]}, loggerSettings=LoggerSettings{maxDocumentLength=1000}, clusterSettings={hosts=[127.0.0.1:27017], srvHost=cluster0.vfjrvz5.mongodb.net, srvServiceName=mongodb, mode=MULTIPLE, requiredClusterType=REPLICA_SET, requiredReplicaSetName='atlas-dvv5fc-shard-0', serverSelector='null', clusterListeners='[]', serverSelectionTimeout='30000 ms', localThreshold='15 ms'}, socketSettings=SocketSettings{connectTimeoutMS=10000, readTimeoutMS=0, receiveBufferSize=0, proxySettings=ProxySettings{host=null, port=null, username=null, password=null}}, heartbeatSocketSettings=SocketSettings{connectTimeoutMS=10000, readTimeoutMS=10000, receiveBufferSize=0, proxySettings=ProxySettings{host=null, port=null, username=null, password=null}}, connectionPoolSettings=ConnectionPoolSettings{maxSize=100, minSize=0, maxWaitTimeMS=120000, maxConnectionLifeTimeMS=0, maxConnectionIdleTimeMS=0, maintenanceInitialDelayMS=0, maintenanceFrequencyMS=60000, connectionPoolListeners=[], maxConnecting=2}, serverSettings=ServerSettings{heartbeatFrequencyMS=10000, minHeartbeatFrequencyMS=500, serverListeners='[]', serverMonitorListeners='[]'}, sslSettings=SslSettings{enabled=true, invalidHostNameAllowed=false, context=null}, applicationName='Cluster0', compressorList=[], uuidRepresentation=JAVA_LEGACY, serverApi=null, autoEncryptionSettings=null, dnsClient=null, inetAddressResolver=null, contextProvider=null}
2025-02-28 06:59:35,679 INFO o.s.b.d.a.OptionalLiveReloadServer [restartedMain] LiveReload server is running on port 35729
2025-02-28 06:59:35,680 WARN o.s.b.w.s.c.AnnotationConfigServletWebServerApplicationContext [restartedMain] Exception encountered during context initialization - cancelling refresh attempt: org.springframework.beans.factory.BeanCreationException: Error creating bean with name 'webConfig': Injection of autowired dependencies failed
2025-02-28 06:59:35,681 INFO o.a.c.c.StandardService [restartedMain] Stopping service [Tomcat]
2025-02-28 06:59:35,681 WARN o.a.c.l.WebappClassLoaderBase [restartedMain] The web application [ROOT] appears to have started a thread named [cluster-ClusterId{value='67c1cf573843dd026896657b', description='Cluster0'}-srv-cluster0.vfjrvz5.mongodb.net] but has failed to stop it. This is very likely to create a memory leak. Stack trace of thread:
 java.base/sun.nio.ch.Net.poll(Native Method)
 java.base/sun.nio.ch.DatagramChannelImpl.park(DatagramChannelImpl.java:498)
 java.base/sun.nio.ch.DatagramChannelImpl.trustedBlockingReceive(DatagramChannelImpl.java:734)
 java.base/sun.nio.ch.DatagramChannelImpl.blockingReceive(DatagramChannelImpl.java:661)
 java.base/sun.nio.ch.DatagramSocketAdaptor.receive(DatagramSocketAdaptor.java:241)
 java.base/java.net.DatagramSocket.receive(DatagramSocket.java:714)
 jdk.naming.dns/com.sun.jndi.dns.DnsClient.doUdpQuery(DnsClient.java:430)
 jdk.naming.dns/com.sun.jndi.dns.DnsClient.query(DnsClient.java:216)
 jdk.naming.dns/com.sun.jndi.dns.Resolver.query(Resolver.java:81)
 jdk.naming.dns/com.sun.jndi.dns.DnsContext.c_getAttributes(DnsContext.java:434)
 java.naming/com.sun.jndi.toolkit.ctx.ComponentDirContext.p_getAttributes(ComponentDirContext.java:235)
 java.naming/com.sun.jndi.toolkit.ctx.PartialCompositeDirContext.getAttributes(PartialCompositeDirContext.java:141)
 java.naming/com.sun.jndi.toolkit.ctx.PartialCompositeDirContext.getAttributes(PartialCompositeDirContext.java:129)
 java.naming/javax.naming.directory.InitialDirContext.getAttributes(InitialDirContext.java:171)
 com.mongodb.internal.dns.JndiDnsClient.getResourceRecordData(JndiDnsClient.java:41)
 com.mongodb.internal.dns.DefaultDnsResolver.resolveHostFromSrvRecords(DefaultDnsResolver.java:78)
 com.mongodb.internal.connection.DefaultDnsSrvRecordMonitor$DnsSrvRecordMonitorRunnable.run(DefaultDnsSrvRecordMonitor.java:80)
 java.base/java.lang.Thread.run(Thread.java:1589)
2025-02-28 06:59:35,683 INFO o.s.b.a.l.ConditionEvaluationReportLogger [restartedMain] 

Error starting ApplicationContext. To display the condition evaluation report re-run your application with 'debug' enabled.
2025-02-28 06:59:35,684 ERROR o.s.b.SpringApplication [restartedMain] Application run failed
org.springframework.beans.factory.BeanCreationException: Error creating bean with name 'webConfig': Injection of autowired dependencies failed
	at org.springframework.beans.factory.annotation.AutowiredAnnotationBeanPostProcessor.postProcessProperties(AutowiredAnnotationBeanPostProcessor.java:514)
	at org.springframework.beans.factory.support.AbstractAutowireCapableBeanFactory.populateBean(AbstractAutowireCapableBeanFactory.java:1421)
	at org.springframework.beans.factory.support.AbstractAutowireCapableBeanFactory.doCreateBean(AbstractAutowireCapableBeanFactory.java:599)
	at org.springframework.beans.factory.support.AbstractAutowireCapableBeanFactory.createBean(AbstractAutowireCapableBeanFactory.java:522)
	at org.springframework.beans.factory.support.AbstractBeanFactory.lambda$doGetBean$0(AbstractBeanFactory.java:337)
	at org.springframework.beans.factory.support.DefaultSingletonBeanRegistry.getSingleton(DefaultSingletonBeanRegistry.java:234)
	at org.springframework.beans.factory.support.AbstractBeanFactory.doGetBean(AbstractBeanFactory.java:335)
	at org.springframework.beans.factory.support.AbstractBeanFactory.getBean(AbstractBeanFactory.java:200)
	at org.springframework.beans.factory.support.DefaultListableBeanFactory.preInstantiateSingletons(DefaultListableBeanFactory.java:975)
	at org.springframework.context.support.AbstractApplicationContext.finishBeanFactoryInitialization(AbstractApplicationContext.java:962)
	at org.springframework.context.support.AbstractApplicationContext.refresh(AbstractApplicationContext.java:624)
	at org.springframework.boot.web.servlet.context.ServletWebServerApplicationContext.refresh(ServletWebServerApplicationContext.java:146)
	at org.springframework.boot.SpringApplication.refresh(SpringApplication.java:754)
	at org.springframework.boot.SpringApplication.refreshContext(SpringApplication.java:456)
	at org.springframework.boot.SpringApplication.run(SpringApplication.java:335)
	at org.springframework.boot.SpringApplication.run(SpringApplication.java:1363)
	at org.springframework.boot.SpringApplication.run(SpringApplication.java:1352)
	at com.example.recipe_review.RecipeReviewApplication.main(RecipeReviewApplication.java:13)
	at java.base/jdk.internal.reflect.DirectMethodHandleAccessor.invoke(DirectMethodHandleAccessor.java:104)
	at java.base/java.lang.reflect.Method.invoke(Method.java:578)
	at org.springframework.boot.devtools.restart.RestartLauncher.run(RestartLauncher.java:50)
Caused by: java.lang.IllegalArgumentException: Could not resolve placeholder 'cors.allowed-origins' in value "${cors.allowed-origins}"
	at org.springframework.util.PropertyPlaceholderHelper.parseStringValue(PropertyPlaceholderHelper.java:180)
	at org.springframework.util.PropertyPlaceholderHelper.replacePlaceholders(PropertyPlaceholderHelper.java:126)
	at org.springframework.core.env.AbstractPropertyResolver.doResolvePlaceholders(AbstractPropertyResolver.java:239)
	at org.springframework.core.env.AbstractPropertyResolver.resolveRequiredPlaceholders(AbstractPropertyResolver.java:210)
	at org.springframework.context.support.PropertySourcesPlaceholderConfigurer.lambda$processProperties$0(PropertySourcesPlaceholderConfigurer.java:200)
	at org.springframework.beans.factory.support.AbstractBeanFactory.resolveEmbeddedValue(AbstractBeanFactory.java:964)
	at org.springframework.beans.factory.support.DefaultListableBeanFactory.doResolveDependency(DefaultListableBeanFactory.java:1374)
	at org.springframework.beans.factory.support.DefaultListableBeanFactory.resolveDependency(DefaultListableBeanFactory.java:1353)
	at org.springframework.beans.factory.annotation.AutowiredAnnotationBeanPostProcessor$AutowiredFieldElement.resolveFieldValue(AutowiredAnnotationBeanPostProcessor.java:784)
	at org.springframework.beans.factory.annotation.AutowiredAnnotationBeanPostProcessor$AutowiredFieldElement.inject(AutowiredAnnotationBeanPostProcessor.java:767)
	at org.springframework.beans.factory.annotation.InjectionMetadata.inject(InjectionMetadata.java:145)
	at org.springframework.beans.factory.annotation.AutowiredAnnotationBeanPostProcessor.postProcessProperties(AutowiredAnnotationBeanPostProcessor.java:508)
	... 20 common frames omitted
2025-02-28 06:59:48,229 INFO c.e.r.RecipeReviewApplication [restartedMain] Starting RecipeReviewApplication using Java 19.0.2 with PID 32804 (/Users/davidgim/coding_projects/yt_recipe_app/backend/recipe-review/target/classes started by davidgim in /Users/davidgim/coding_projects/yt_recipe_app/backend/recipe-review)
2025-02-28 06:59:48,229 INFO c.e.r.RecipeReviewApplication [restartedMain] The following 1 profile is active: "dev"
2025-02-28 06:59:48,293 INFO o.s.d.r.c.RepositoryConfigurationDelegate [restartedMain] Bootstrapping Spring Data MongoDB repositories in DEFAULT mode.
2025-02-28 06:59:48,297 INFO o.s.d.r.c.RepositoryConfigurationDelegate [restartedMain] Finished Spring Data repository scanning in 3 ms. Found 3 MongoDB repository interfaces.
2025-02-28 06:59:48,343 INFO o.s.b.w.e.t.TomcatWebServer [restartedMain] Tomcat initialized with port 8080 (http)
2025-02-28 06:59:48,344 INFO o.a.c.c.StandardService [restartedMain] Starting service [Tomcat]
2025-02-28 06:59:48,344 INFO o.a.c.c.StandardEngine [restartedMain] Starting Servlet engine: [Apache Tomcat/10.1.25]
2025-02-28 06:59:48,347 INFO o.a.c.c.C.[.[.[/] [restartedMain] Initializing Spring embedded WebApplicationContext
2025-02-28 06:59:48,347 INFO o.s.b.w.s.c.ServletWebServerApplicationContext [restartedMain] Root WebApplicationContext: initialization completed in 117 ms
2025-02-28 06:59:48,399 INFO o.m.d.client [restartedMain] MongoClient with metadata {"application": {"name": "Cluster0"}, "driver": {"name": "mongo-java-driver|sync|spring-boot", "version": "5.0.1"}, "os": {"type": "Darwin", "name": "Mac OS X", "architecture": "aarch64", "version": "12.0"}, "platform": "Java/Amazon.com Inc./19.0.2+7-FR"} created with settings MongoClientSettings{readPreference=primary, writeConcern=WriteConcern{w=majority, wTimeout=null ms, journal=null}, retryWrites=true, retryReads=true, readConcern=ReadConcern{level=null}, credential=MongoCredential{mechanism=null, userName='davidgim', source='admin', password=<hidden>, mechanismProperties=<hidden>}, transportSettings=null, commandListeners=[], codecRegistry=ProvidersCodecRegistry{codecProviders=[ValueCodecProvider{}, BsonValueCodecProvider{}, DBRefCodecProvider{}, DBObjectCodecProvider{}, DocumentCodecProvider{}, CollectionCodecProvider{}, IterableCodecProvider{}, MapCodecProvider{}, GeoJsonCodecProvider{}, GridFSFileCodecProvider{}, Jsr310CodecProvider{}, JsonObjectCodecProvider{}, BsonCodecProvider{}, EnumCodecProvider{}, com.mongodb.client.model.mql.ExpressionCodecProvider@4b8bb078, com.mongodb.Jep395RecordCodecProvider@6ab3c49f, com.mongodb.KotlinCodecProvider@3e9238b2]}, loggerSettings=LoggerSettings{maxDocumentLength=1000}, clusterSettings={hosts=[127.0.0.1:27017], srvHost=cluster0.vfjrvz5.mongodb.net, srvServiceName=mongodb, mode=MULTIPLE, requiredClusterType=REPLICA_SET, requiredReplicaSetName='atlas-dvv5fc-shard-0', serverSelector='null', clusterListeners='[]', serverSelectionTimeout='30000 ms', localThreshold='15 ms'}, socketSettings=SocketSettings{connectTimeoutMS=10000, readTimeoutMS=0, receiveBufferSize=0, proxySettings=ProxySettings{host=null, port=null, username=null, password=null}}, heartbeatSocketSettings=SocketSettings{connectTimeoutMS=10000, readTimeoutMS=10000, receiveBufferSize=0, proxySettings=ProxySettings{host=null, port=null, username=null, password=null}}, connectionPoolSettings=ConnectionPoolSettings{maxSize=100, minSize=0, maxWaitTimeMS=120000, maxConnectionLifeTimeMS=0, maxConnectionIdleTimeMS=0, maintenanceInitialDelayMS=0, maintenanceFrequencyMS=60000, connectionPoolListeners=[], maxConnecting=2}, serverSettings=ServerSettings{heartbeatFrequencyMS=10000, minHeartbeatFrequencyMS=500, serverListeners='[]', serverMonitorListeners='[]'}, sslSettings=SslSettings{enabled=true, invalidHostNameAllowed=false, context=null}, applicationName='Cluster0', compressorList=[], uuidRepresentation=JAVA_LEGACY, serverApi=null, autoEncryptionSettings=null, dnsClient=null, inetAddressResolver=null, contextProvider=null}
2025-02-28 06:59:48,414 INFO o.s.b.d.a.OptionalLiveReloadServer [restartedMain] LiveReload server is running on port 35729
2025-02-28 06:59:48,415 WARN o.s.b.w.s.c.AnnotationConfigServletWebServerApplicationContext [restartedMain] Exception encountered during context initialization - cancelling refresh attempt: org.springframework.beans.factory.BeanCreationException: Error creating bean with name 'webConfig': Injection of autowired dependencies failed
2025-02-28 06:59:48,415 INFO o.a.c.c.StandardService [restartedMain] Stopping service [Tomcat]
2025-02-28 06:59:48,416 WARN o.a.c.l.WebappClassLoaderBase [restartedMain] The web application [ROOT] appears to have started a thread named [cluster-ClusterId{value='67c1cf643843dd026896657c', description='Cluster0'}-srv-cluster0.vfjrvz5.mongodb.net] but has failed to stop it. This is very likely to create a memory leak. Stack trace of thread:
 java.base/sun.nio.ch.Net.poll(Native Method)
 java.base/sun.nio.ch.DatagramChannelImpl.park(DatagramChannelImpl.java:498)
 java.base/sun.nio.ch.DatagramChannelImpl.trustedBlockingReceive(DatagramChannelImpl.java:734)
 java.base/sun.nio.ch.DatagramChannelImpl.blockingReceive(DatagramChannelImpl.java:661)
 java.base/sun.nio.ch.DatagramSocketAdaptor.receive(DatagramSocketAdaptor.java:241)
 java.base/java.net.DatagramSocket.receive(DatagramSocket.java:714)
 jdk.naming.dns/com.sun.jndi.dns.DnsClient.doUdpQuery(DnsClient.java:430)
 jdk.naming.dns/com.sun.jndi.dns.DnsClient.query(DnsClient.java:216)
 jdk.naming.dns/com.sun.jndi.dns.Resolver.query(Resolver.java:81)
 jdk.naming.dns/com.sun.jndi.dns.DnsContext.c_getAttributes(DnsContext.java:434)
 java.naming/com.sun.jndi.toolkit.ctx.ComponentDirContext.p_getAttributes(ComponentDirContext.java:235)
 java.naming/com.sun.jndi.toolkit.ctx.PartialCompositeDirContext.getAttributes(PartialCompositeDirContext.java:141)
 java.naming/com.sun.jndi.toolkit.ctx.PartialCompositeDirContext.getAttributes(PartialCompositeDirContext.java:129)
 java.naming/javax.naming.directory.InitialDirContext.getAttributes(InitialDirContext.java:171)
 com.mongodb.internal.dns.JndiDnsClient.getResourceRecordData(JndiDnsClient.java:41)
 com.mongodb.internal.dns.DefaultDnsResolver.resolveHostFromSrvRecords(DefaultDnsResolver.java:78)
 com.mongodb.internal.connection.DefaultDnsSrvRecordMonitor$DnsSrvRecordMonitorRunnable.run(DefaultDnsSrvRecordMonitor.java:80)
 java.base/java.lang.Thread.run(Thread.java:1589)
2025-02-28 06:59:48,418 INFO o.s.b.a.l.ConditionEvaluationReportLogger [restartedMain] 

Error starting ApplicationContext. To display the condition evaluation report re-run your application with 'debug' enabled.
2025-02-28 06:59:48,419 ERROR o.s.b.SpringApplication [restartedMain] Application run failed
org.springframework.beans.factory.BeanCreationException: Error creating bean with name 'webConfig': Injection of autowired dependencies failed
	at org.springframework.beans.factory.annotation.AutowiredAnnotationBeanPostProcessor.postProcessProperties(AutowiredAnnotationBeanPostProcessor.java:514)
	at org.springframework.beans.factory.support.AbstractAutowireCapableBeanFactory.populateBean(AbstractAutowireCapableBeanFactory.java:1421)
	at org.springframework.beans.factory.support.AbstractAutowireCapableBeanFactory.doCreateBean(AbstractAutowireCapableBeanFactory.java:599)
	at org.springframework.beans.factory.support.AbstractAutowireCapableBeanFactory.createBean(AbstractAutowireCapableBeanFactory.java:522)
	at org.springframework.beans.factory.support.AbstractBeanFactory.lambda$doGetBean$0(AbstractBeanFactory.java:337)
	at org.springframework.beans.factory.support.DefaultSingletonBeanRegistry.getSingleton(DefaultSingletonBeanRegistry.java:234)
	at org.springframework.beans.factory.support.AbstractBeanFactory.doGetBean(AbstractBeanFactory.java:335)
	at org.springframework.beans.factory.support.AbstractBeanFactory.getBean(AbstractBeanFactory.java:200)
	at org.springframework.beans.factory.support.DefaultListableBeanFactory.preInstantiateSingletons(DefaultListableBeanFactory.java:975)
	at org.springframework.context.support.AbstractApplicationContext.finishBeanFactoryInitialization(AbstractApplicationContext.java:962)
	at org.springframework.context.support.AbstractApplicationContext.refresh(AbstractApplicationContext.java:624)
	at org.springframework.boot.web.servlet.context.ServletWebServerApplicationContext.refresh(ServletWebServerApplicationContext.java:146)
	at org.springframework.boot.SpringApplication.refresh(SpringApplication.java:754)
	at org.springframework.boot.SpringApplication.refreshContext(SpringApplication.java:456)
	at org.springframework.boot.SpringApplication.run(SpringApplication.java:335)
	at org.springframework.boot.SpringApplication.run(SpringApplication.java:1363)
	at org.springframework.boot.SpringApplication.run(SpringApplication.java:1352)
	at com.example.recipe_review.RecipeReviewApplication.main(RecipeReviewApplication.java:13)
	at java.base/jdk.internal.reflect.DirectMethodHandleAccessor.invoke(DirectMethodHandleAccessor.java:104)
	at java.base/java.lang.reflect.Method.invoke(Method.java:578)
	at org.springframework.boot.devtools.restart.RestartLauncher.run(RestartLauncher.java:50)
Caused by: java.lang.IllegalArgumentException: Could not resolve placeholder 'cors.allowed-origins' in value "${cors.allowed-origins}"
	at org.springframework.util.PropertyPlaceholderHelper.parseStringValue(PropertyPlaceholderHelper.java:180)
	at org.springframework.util.PropertyPlaceholderHelper.replacePlaceholders(PropertyPlaceholderHelper.java:126)
	at org.springframework.core.env.AbstractPropertyResolver.doResolvePlaceholders(AbstractPropertyResolver.java:239)
	at org.springframework.core.env.AbstractPropertyResolver.resolveRequiredPlaceholders(AbstractPropertyResolver.java:210)
	at org.springframework.context.support.PropertySourcesPlaceholderConfigurer.lambda$processProperties$0(PropertySourcesPlaceholderConfigurer.java:200)
	at org.springframework.beans.factory.support.AbstractBeanFactory.resolveEmbeddedValue(AbstractBeanFactory.java:964)
	at org.springframework.beans.factory.support.DefaultListableBeanFactory.doResolveDependency(DefaultListableBeanFactory.java:1374)
	at org.springframework.beans.factory.support.DefaultListableBeanFactory.resolveDependency(DefaultListableBeanFactory.java:1353)
	at org.springframework.beans.factory.annotation.AutowiredAnnotationBeanPostProcessor$AutowiredFieldElement.resolveFieldValue(AutowiredAnnotationBeanPostProcessor.java:784)
	at org.springframework.beans.factory.annotation.AutowiredAnnotationBeanPostProcessor$AutowiredFieldElement.inject(AutowiredAnnotationBeanPostProcessor.java:767)
	at org.springframework.beans.factory.annotation.InjectionMetadata.inject(InjectionMetadata.java:145)
	at org.springframework.beans.factory.annotation.AutowiredAnnotationBeanPostProcessor.postProcessProperties(AutowiredAnnotationBeanPostProcessor.java:508)
	... 20 common frames omitted
2025-02-28 07:02:08,346 INFO c.e.r.RecipeReviewApplication [restartedMain] Starting RecipeReviewApplication using Java 19.0.2 with PID 32804 (/Users/davidgim/coding_projects/yt_recipe_app/backend/recipe-review/target/classes started by davidgim in /Users/davidgim/coding_projects/yt_recipe_app/backend/recipe-review)
2025-02-28 07:02:08,346 INFO c.e.r.RecipeReviewApplication [restartedMain] The following 1 profile is active: "dev"
2025-02-28 07:02:08,408 INFO o.s.d.r.c.RepositoryConfigurationDelegate [restartedMain] Bootstrapping Spring Data MongoDB repositories in DEFAULT mode.
2025-02-28 07:02:08,412 INFO o.s.d.r.c.RepositoryConfigurationDelegate [restartedMain] Finished Spring Data repository scanning in 4 ms. Found 3 MongoDB repository interfaces.
2025-02-28 07:02:08,455 INFO o.s.b.w.e.t.TomcatWebServer [restartedMain] Tomcat initialized with port 8080 (http)
2025-02-28 07:02:08,455 INFO o.a.c.c.StandardService [restartedMain] Starting service [Tomcat]
2025-02-28 07:02:08,455 INFO o.a.c.c.StandardEngine [restartedMain] Starting Servlet engine: [Apache Tomcat/10.1.25]
2025-02-28 07:02:08,459 INFO o.a.c.c.C.[.[.[/] [restartedMain] Initializing Spring embedded WebApplicationContext
2025-02-28 07:02:08,459 INFO o.s.b.w.s.c.ServletWebServerApplicationContext [restartedMain] Root WebApplicationContext: initialization completed in 112 ms
2025-02-28 07:02:08,502 INFO o.m.d.client [restartedMain] MongoClient with metadata {"application": {"name": "Cluster0"}, "driver": {"name": "mongo-java-driver|sync|spring-boot", "version": "5.0.1"}, "os": {"type": "Darwin", "name": "Mac OS X", "architecture": "aarch64", "version": "12.0"}, "platform": "Java/Amazon.com Inc./19.0.2+7-FR"} created with settings MongoClientSettings{readPreference=primary, writeConcern=WriteConcern{w=majority, wTimeout=null ms, journal=null}, retryWrites=true, retryReads=true, readConcern=ReadConcern{level=null}, credential=MongoCredential{mechanism=null, userName='davidgim', source='admin', password=<hidden>, mechanismProperties=<hidden>}, transportSettings=null, commandListeners=[], codecRegistry=ProvidersCodecRegistry{codecProviders=[ValueCodecProvider{}, BsonValueCodecProvider{}, DBRefCodecProvider{}, DBObjectCodecProvider{}, DocumentCodecProvider{}, CollectionCodecProvider{}, IterableCodecProvider{}, MapCodecProvider{}, GeoJsonCodecProvider{}, GridFSFileCodecProvider{}, Jsr310CodecProvider{}, JsonObjectCodecProvider{}, BsonCodecProvider{}, EnumCodecProvider{}, com.mongodb.client.model.mql.ExpressionCodecProvider@4b8bb078, com.mongodb.Jep395RecordCodecProvider@6ab3c49f, com.mongodb.KotlinCodecProvider@3e9238b2]}, loggerSettings=LoggerSettings{maxDocumentLength=1000}, clusterSettings={hosts=[127.0.0.1:27017], srvHost=cluster0.vfjrvz5.mongodb.net, srvServiceName=mongodb, mode=MULTIPLE, requiredClusterType=REPLICA_SET, requiredReplicaSetName='atlas-dvv5fc-shard-0', serverSelector='null', clusterListeners='[]', serverSelectionTimeout='30000 ms', localThreshold='15 ms'}, socketSettings=SocketSettings{connectTimeoutMS=10000, readTimeoutMS=0, receiveBufferSize=0, proxySettings=ProxySettings{host=null, port=null, username=null, password=null}}, heartbeatSocketSettings=SocketSettings{connectTimeoutMS=10000, readTimeoutMS=10000, receiveBufferSize=0, proxySettings=ProxySettings{host=null, port=null, username=null, password=null}}, connectionPoolSettings=ConnectionPoolSettings{maxSize=100, minSize=0, maxWaitTimeMS=120000, maxConnectionLifeTimeMS=0, maxConnectionIdleTimeMS=0, maintenanceInitialDelayMS=0, maintenanceFrequencyMS=60000, connectionPoolListeners=[], maxConnecting=2}, serverSettings=ServerSettings{heartbeatFrequencyMS=10000, minHeartbeatFrequencyMS=500, serverListeners='[]', serverMonitorListeners='[]'}, sslSettings=SslSettings{enabled=true, invalidHostNameAllowed=false, context=null}, applicationName='Cluster0', compressorList=[], uuidRepresentation=JAVA_LEGACY, serverApi=null, autoEncryptionSettings=null, dnsClient=null, inetAddressResolver=null, contextProvider=null}
2025-02-28 07:02:08,517 INFO o.s.b.d.a.OptionalLiveReloadServer [restartedMain] LiveReload server is running on port 35729
2025-02-28 07:02:08,518 WARN o.s.b.w.s.c.AnnotationConfigServletWebServerApplicationContext [restartedMain] Exception encountered during context initialization - cancelling refresh attempt: org.springframework.beans.factory.BeanCreationException: Error creating bean with name 'webConfig': Injection of autowired dependencies failed
2025-02-28 07:02:08,518 INFO o.a.c.c.StandardService [restartedMain] Stopping service [Tomcat]
2025-02-28 07:02:08,520 WARN o.a.c.l.WebappClassLoaderBase [restartedMain] The web application [ROOT] appears to have started a thread named [cluster-ClusterId{value='67c1cff03843dd026896657d', description='Cluster0'}-srv-cluster0.vfjrvz5.mongodb.net] but has failed to stop it. This is very likely to create a memory leak. Stack trace of thread:
 java.base/sun.nio.ch.Net.poll(Native Method)
 java.base/sun.nio.ch.DatagramChannelImpl.park(DatagramChannelImpl.java:498)
 java.base/sun.nio.ch.DatagramChannelImpl.trustedBlockingReceive(DatagramChannelImpl.java:734)
 java.base/sun.nio.ch.DatagramChannelImpl.blockingReceive(DatagramChannelImpl.java:661)
 java.base/sun.nio.ch.DatagramSocketAdaptor.receive(DatagramSocketAdaptor.java:241)
 java.base/java.net.DatagramSocket.receive(DatagramSocket.java:714)
 jdk.naming.dns/com.sun.jndi.dns.DnsClient.doUdpQuery(DnsClient.java:430)
 jdk.naming.dns/com.sun.jndi.dns.DnsClient.query(DnsClient.java:216)
 jdk.naming.dns/com.sun.jndi.dns.Resolver.query(Resolver.java:81)
 jdk.naming.dns/com.sun.jndi.dns.DnsContext.c_getAttributes(DnsContext.java:434)
 java.naming/com.sun.jndi.toolkit.ctx.ComponentDirContext.p_getAttributes(ComponentDirContext.java:235)
 java.naming/com.sun.jndi.toolkit.ctx.PartialCompositeDirContext.getAttributes(PartialCompositeDirContext.java:141)
 java.naming/com.sun.jndi.toolkit.ctx.PartialCompositeDirContext.getAttributes(PartialCompositeDirContext.java:129)
 java.naming/javax.naming.directory.InitialDirContext.getAttributes(InitialDirContext.java:171)
 com.mongodb.internal.dns.JndiDnsClient.getResourceRecordData(JndiDnsClient.java:41)
 com.mongodb.internal.dns.DefaultDnsResolver.resolveHostFromSrvRecords(DefaultDnsResolver.java:78)
 com.mongodb.internal.connection.DefaultDnsSrvRecordMonitor$DnsSrvRecordMonitorRunnable.run(DefaultDnsSrvRecordMonitor.java:80)
 java.base/java.lang.Thread.run(Thread.java:1589)
2025-02-28 07:02:08,522 INFO o.s.b.a.l.ConditionEvaluationReportLogger [restartedMain] 

Error starting ApplicationContext. To display the condition evaluation report re-run your application with 'debug' enabled.
2025-02-28 07:02:08,523 ERROR o.s.b.SpringApplication [restartedMain] Application run failed
org.springframework.beans.factory.BeanCreationException: Error creating bean with name 'webConfig': Injection of autowired dependencies failed
	at org.springframework.beans.factory.annotation.AutowiredAnnotationBeanPostProcessor.postProcessProperties(AutowiredAnnotationBeanPostProcessor.java:514)
	at org.springframework.beans.factory.support.AbstractAutowireCapableBeanFactory.populateBean(AbstractAutowireCapableBeanFactory.java:1421)
	at org.springframework.beans.factory.support.AbstractAutowireCapableBeanFactory.doCreateBean(AbstractAutowireCapableBeanFactory.java:599)
	at org.springframework.beans.factory.support.AbstractAutowireCapableBeanFactory.createBean(AbstractAutowireCapableBeanFactory.java:522)
	at org.springframework.beans.factory.support.AbstractBeanFactory.lambda$doGetBean$0(AbstractBeanFactory.java:337)
	at org.springframework.beans.factory.support.DefaultSingletonBeanRegistry.getSingleton(DefaultSingletonBeanRegistry.java:234)
	at org.springframework.beans.factory.support.AbstractBeanFactory.doGetBean(AbstractBeanFactory.java:335)
	at org.springframework.beans.factory.support.AbstractBeanFactory.getBean(AbstractBeanFactory.java:200)
	at org.springframework.beans.factory.support.DefaultListableBeanFactory.preInstantiateSingletons(DefaultListableBeanFactory.java:975)
	at org.springframework.context.support.AbstractApplicationContext.finishBeanFactoryInitialization(AbstractApplicationContext.java:962)
	at org.springframework.context.support.AbstractApplicationContext.refresh(AbstractApplicationContext.java:624)
	at org.springframework.boot.web.servlet.context.ServletWebServerApplicationContext.refresh(ServletWebServerApplicationContext.java:146)
	at org.springframework.boot.SpringApplication.refresh(SpringApplication.java:754)
	at org.springframework.boot.SpringApplication.refreshContext(SpringApplication.java:456)
	at org.springframework.boot.SpringApplication.run(SpringApplication.java:335)
	at org.springframework.boot.SpringApplication.run(SpringApplication.java:1363)
	at org.springframework.boot.SpringApplication.run(SpringApplication.java:1352)
	at com.example.recipe_review.RecipeReviewApplication.main(RecipeReviewApplication.java:13)
	at java.base/jdk.internal.reflect.DirectMethodHandleAccessor.invoke(DirectMethodHandleAccessor.java:104)
	at java.base/java.lang.reflect.Method.invoke(Method.java:578)
	at org.springframework.boot.devtools.restart.RestartLauncher.run(RestartLauncher.java:50)
Caused by: java.lang.IllegalArgumentException: Could not resolve placeholder 'cors.allowed-origins' in value "${cors.allowed-origins}"
	at org.springframework.util.PropertyPlaceholderHelper.parseStringValue(PropertyPlaceholderHelper.java:180)
	at org.springframework.util.PropertyPlaceholderHelper.replacePlaceholders(PropertyPlaceholderHelper.java:126)
	at org.springframework.core.env.AbstractPropertyResolver.doResolvePlaceholders(AbstractPropertyResolver.java:239)
	at org.springframework.core.env.AbstractPropertyResolver.resolveRequiredPlaceholders(AbstractPropertyResolver.java:210)
	at org.springframework.context.support.PropertySourcesPlaceholderConfigurer.lambda$processProperties$0(PropertySourcesPlaceholderConfigurer.java:200)
	at org.springframework.beans.factory.support.AbstractBeanFactory.resolveEmbeddedValue(AbstractBeanFactory.java:964)
	at org.springframework.beans.factory.support.DefaultListableBeanFactory.doResolveDependency(DefaultListableBeanFactory.java:1374)
	at org.springframework.beans.factory.support.DefaultListableBeanFactory.resolveDependency(DefaultListableBeanFactory.java:1353)
	at org.springframework.beans.factory.annotation.AutowiredAnnotationBeanPostProcessor$AutowiredFieldElement.resolveFieldValue(AutowiredAnnotationBeanPostProcessor.java:784)
	at org.springframework.beans.factory.annotation.AutowiredAnnotationBeanPostProcessor$AutowiredFieldElement.inject(AutowiredAnnotationBeanPostProcessor.java:767)
	at org.springframework.beans.factory.annotation.InjectionMetadata.inject(InjectionMetadata.java:145)
	at org.springframework.beans.factory.annotation.AutowiredAnnotationBeanPostProcessor.postProcessProperties(AutowiredAnnotationBeanPostProcessor.java:508)
	... 20 common frames omitted
2025-02-28 07:02:34,229 INFO c.e.r.RecipeReviewApplication [restartedMain] Starting RecipeReviewApplication using Java 19.0.2 with PID 32804 (/Users/davidgim/coding_projects/yt_recipe_app/backend/recipe-review/target/classes started by davidgim in /Users/davidgim/coding_projects/yt_recipe_app/backend/recipe-review)
2025-02-28 07:02:34,230 INFO c.e.r.RecipeReviewApplication [restartedMain] The following 1 profile is active: "dev"
2025-02-28 07:02:34,304 INFO o.s.d.r.c.RepositoryConfigurationDelegate [restartedMain] Bootstrapping Spring Data MongoDB repositories in DEFAULT mode.
2025-02-28 07:02:34,308 INFO o.s.d.r.c.RepositoryConfigurationDelegate [restartedMain] Finished Spring Data repository scanning in 3 ms. Found 3 MongoDB repository interfaces.
2025-02-28 07:02:34,351 INFO o.s.b.w.e.t.TomcatWebServer [restartedMain] Tomcat initialized with port 8080 (http)
2025-02-28 07:02:34,351 INFO o.a.c.c.StandardService [restartedMain] Starting service [Tomcat]
2025-02-28 07:02:34,351 INFO o.a.c.c.StandardEngine [restartedMain] Starting Servlet engine: [Apache Tomcat/10.1.25]
2025-02-28 07:02:34,354 INFO o.a.c.c.C.[.[.[/] [restartedMain] Initializing Spring embedded WebApplicationContext
2025-02-28 07:02:34,354 INFO o.s.b.w.s.c.ServletWebServerApplicationContext [restartedMain] Root WebApplicationContext: initialization completed in 123 ms
2025-02-28 07:02:34,391 INFO o.m.d.client [restartedMain] MongoClient with metadata {"application": {"name": "Cluster0"}, "driver": {"name": "mongo-java-driver|sync|spring-boot", "version": "5.0.1"}, "os": {"type": "Darwin", "name": "Mac OS X", "architecture": "aarch64", "version": "12.0"}, "platform": "Java/Amazon.com Inc./19.0.2+7-FR"} created with settings MongoClientSettings{readPreference=primary, writeConcern=WriteConcern{w=majority, wTimeout=null ms, journal=null}, retryWrites=true, retryReads=true, readConcern=ReadConcern{level=null}, credential=MongoCredential{mechanism=null, userName='davidgim', source='admin', password=<hidden>, mechanismProperties=<hidden>}, transportSettings=null, commandListeners=[], codecRegistry=ProvidersCodecRegistry{codecProviders=[ValueCodecProvider{}, BsonValueCodecProvider{}, DBRefCodecProvider{}, DBObjectCodecProvider{}, DocumentCodecProvider{}, CollectionCodecProvider{}, IterableCodecProvider{}, MapCodecProvider{}, GeoJsonCodecProvider{}, GridFSFileCodecProvider{}, Jsr310CodecProvider{}, JsonObjectCodecProvider{}, BsonCodecProvider{}, EnumCodecProvider{}, com.mongodb.client.model.mql.ExpressionCodecProvider@4b8bb078, com.mongodb.Jep395RecordCodecProvider@6ab3c49f, com.mongodb.KotlinCodecProvider@3e9238b2]}, loggerSettings=LoggerSettings{maxDocumentLength=1000}, clusterSettings={hosts=[127.0.0.1:27017], srvHost=cluster0.vfjrvz5.mongodb.net, srvServiceName=mongodb, mode=MULTIPLE, requiredClusterType=REPLICA_SET, requiredReplicaSetName='atlas-dvv5fc-shard-0', serverSelector='null', clusterListeners='[]', serverSelectionTimeout='30000 ms', localThreshold='15 ms'}, socketSettings=SocketSettings{connectTimeoutMS=10000, readTimeoutMS=0, receiveBufferSize=0, proxySettings=ProxySettings{host=null, port=null, username=null, password=null}}, heartbeatSocketSettings=SocketSettings{connectTimeoutMS=10000, readTimeoutMS=10000, receiveBufferSize=0, proxySettings=ProxySettings{host=null, port=null, username=null, password=null}}, connectionPoolSettings=ConnectionPoolSettings{maxSize=100, minSize=0, maxWaitTimeMS=120000, maxConnectionLifeTimeMS=0, maxConnectionIdleTimeMS=0, maintenanceInitialDelayMS=0, maintenanceFrequencyMS=60000, connectionPoolListeners=[], maxConnecting=2}, serverSettings=ServerSettings{heartbeatFrequencyMS=10000, minHeartbeatFrequencyMS=500, serverListeners='[]', serverMonitorListeners='[]'}, sslSettings=SslSettings{enabled=true, invalidHostNameAllowed=false, context=null}, applicationName='Cluster0', compressorList=[], uuidRepresentation=JAVA_LEGACY, serverApi=null, autoEncryptionSettings=null, dnsClient=null, inetAddressResolver=null, contextProvider=null}
2025-02-28 07:02:34,406 INFO o.s.b.d.a.OptionalLiveReloadServer [restartedMain] LiveReload server is running on port 35729
2025-02-28 07:02:34,411 INFO o.s.s.c.a.a.c.InitializeUserDetailsBeanManagerConfigurer$InitializeUserDetailsManagerConfigurer [restartedMain] Global AuthenticationManager configured with UserDetailsService bean with name userService
2025-02-28 07:02:34,447 INFO o.m.d.cluster [cluster-ClusterId{value='67c1d00a3843dd026896657e', description='Cluster0'}-srv-cluster0.vfjrvz5.mongodb.net] Adding discovered server ac-hh0g5km-shard-00-01.vfjrvz5.mongodb.net:27017 to client view of cluster
2025-02-28 07:02:34,448 INFO o.m.d.cluster [cluster-ClusterId{value='67c1d00a3843dd026896657e', description='Cluster0'}-srv-cluster0.vfjrvz5.mongodb.net] Adding discovered server ac-hh0g5km-shard-00-02.vfjrvz5.mongodb.net:27017 to client view of cluster
2025-02-28 07:02:34,448 INFO o.m.d.cluster [cluster-ClusterId{value='67c1d00a3843dd026896657e', description='Cluster0'}-srv-cluster0.vfjrvz5.mongodb.net] Adding discovered server ac-hh0g5km-shard-00-00.vfjrvz5.mongodb.net:27017 to client view of cluster
2025-02-28 07:02:34,475 INFO o.s.b.w.e.t.TomcatWebServer [restartedMain] Tomcat started on port 8080 (http) with context path '/'
2025-02-28 07:02:34,477 INFO c.e.r.RecipeReviewApplication [restartedMain] Started RecipeReviewApplication in 0.27 seconds (process running for 11195.557)
2025-02-28 07:02:34,477 INFO o.s.b.d.a.ConditionEvaluationDeltaLoggingListener [restartedMain] Condition evaluation unchanged
2025-02-28 07:02:34,636 INFO o.m.d.cluster [cluster-ClusterId{value='67c1d00a3843dd026896657e', description='Cluster0'}-ac-hh0g5km-shard-00-00.vfjrvz5.mongodb.net:27017] Monitor thread successfully connected to server with description ServerDescription{address=ac-hh0g5km-shard-00-00.vfjrvz5.mongodb.net:27017, type=REPLICA_SET_SECONDARY, state=CONNECTED, ok=true, minWireVersion=0, maxWireVersion=25, maxDocumentSize=16777216, logicalSessionTimeoutMinutes=30, roundTripTimeNanos=86231042, setName='atlas-dvv5fc-shard-0', canonicalAddress=ac-hh0g5km-shard-00-00.vfjrvz5.mongodb.net:27017, hosts=[ac-hh0g5km-shard-00-00.vfjrvz5.mongodb.net:27017, ac-hh0g5km-shard-00-01.vfjrvz5.mongodb.net:27017, ac-hh0g5km-shard-00-02.vfjrvz5.mongodb.net:27017], passives=[], arbiters=[], primary='ac-hh0g5km-shard-00-01.vfjrvz5.mongodb.net:27017', tagSet=TagSet{[Tag{name='availabilityZone', value='usw2-az2'}, Tag{name='diskState', value='READY'}, Tag{name='nodeType', value='ELECTABLE'}, Tag{name='provider', value='AWS'}, Tag{name='region', value='US_WEST_2'}, Tag{name='workloadType', value='OPERATIONAL'}]}, electionId=null, setVersion=39, topologyVersion=TopologyVersion{processId=67ad0ff25aa6d78c30bc2521, counter=4}, lastWriteDate=Fri Feb 28 07:02:34 PST 2025, lastUpdateTimeNanos=24079477523083}
2025-02-28 07:02:34,660 INFO o.m.d.cluster [cluster-ClusterId{value='67c1d00a3843dd026896657e', description='Cluster0'}-ac-hh0g5km-shard-00-01.vfjrvz5.mongodb.net:27017] Monitor thread successfully connected to server with description ServerDescription{address=ac-hh0g5km-shard-00-01.vfjrvz5.mongodb.net:27017, type=REPLICA_SET_PRIMARY, state=CONNECTED, ok=true, minWireVersion=0, maxWireVersion=25, maxDocumentSize=16777216, logicalSessionTimeoutMinutes=30, roundTripTimeNanos=85430208, setName='atlas-dvv5fc-shard-0', canonicalAddress=ac-hh0g5km-shard-00-01.vfjrvz5.mongodb.net:27017, hosts=[ac-hh0g5km-shard-00-00.vfjrvz5.mongodb.net:27017, ac-hh0g5km-shard-00-01.vfjrvz5.mongodb.net:27017, ac-hh0g5km-shard-00-02.vfjrvz5.mongodb.net:27017], passives=[], arbiters=[], primary='ac-hh0g5km-shard-00-01.vfjrvz5.mongodb.net:27017', tagSet=TagSet{[Tag{name='availabilityZone', value='usw2-az1'}, Tag{name='diskState', value='READY'}, Tag{name='nodeType', value='ELECTABLE'}, Tag{name='provider', value='AWS'}, Tag{name='region', value='US_WEST_2'}, Tag{name='workloadType', value='OPERATIONAL'}]}, electionId=7fffffff00000000000000d8, setVersion=39, topologyVersion=TopologyVersion{processId=67ad12a53f34254185d8fb50, counter=6}, lastWriteDate=Fri Feb 28 07:02:34 PST 2025, lastUpdateTimeNanos=24079501931541}
2025-02-28 07:02:34,661 INFO o.m.d.cluster [cluster-ClusterId{value='67c1d00a3843dd026896657e', description='Cluster0'}-ac-hh0g5km-shard-00-01.vfjrvz5.mongodb.net:27017] Discovered replica set primary ac-hh0g5km-shard-00-01.vfjrvz5.mongodb.net:27017 with max election id 7fffffff00000000000000d8 and max set version 39
2025-02-28 07:02:34,701 INFO o.m.d.cluster [cluster-ClusterId{value='67c1d00a3843dd026896657e', description='Cluster0'}-ac-hh0g5km-shard-00-02.vfjrvz5.mongodb.net:27017] Monitor thread successfully connected to server with description ServerDescription{address=ac-hh0g5km-shard-00-02.vfjrvz5.mongodb.net:27017, type=REPLICA_SET_SECONDARY, state=CONNECTED, ok=true, minWireVersion=0, maxWireVersion=25, maxDocumentSize=16777216, logicalSessionTimeoutMinutes=30, roundTripTimeNanos=126231667, setName='atlas-dvv5fc-shard-0', canonicalAddress=ac-hh0g5km-shard-00-02.vfjrvz5.mongodb.net:27017, hosts=[ac-hh0g5km-shard-00-00.vfjrvz5.mongodb.net:27017, ac-hh0g5km-shard-00-01.vfjrvz5.mongodb.net:27017, ac-hh0g5km-shard-00-02.vfjrvz5.mongodb.net:27017], passives=[], arbiters=[], primary='ac-hh0g5km-shard-00-01.vfjrvz5.mongodb.net:27017', tagSet=TagSet{[Tag{name='availabilityZone', value='usw2-az3'}, Tag{name='diskState', value='READY'}, Tag{name='nodeType', value='ELECTABLE'}, Tag{name='provider', value='AWS'}, Tag{name='region', value='US_WEST_2'}, Tag{name='workloadType', value='OPERATIONAL'}]}, electionId=null, setVersion=39, topologyVersion=TopologyVersion{processId=67ad1661da03e837d9dbb4e2, counter=3}, lastWriteDate=Fri Feb 28 07:02:34 PST 2025, lastUpdateTimeNanos=24079542646666}
2025-02-28 07:04:35,131 INFO o.s.b.d.a.LocalDevToolsAutoConfiguration$RestartingClassPathChangeChangedEventListener [File Watcher] Restarting due to 1 class path change (0 additions, 0 deletions, 1 modification)
2025-02-28 07:04:35,254 INFO c.e.r.RecipeReviewApplication [restartedMain] Starting RecipeReviewApplication using Java 19.0.2 with PID 32804 (/Users/davidgim/coding_projects/yt_recipe_app/backend/recipe-review/target/classes started by davidgim in /Users/davidgim/coding_projects/yt_recipe_app/backend/recipe-review)
2025-02-28 07:04:35,254 INFO c.e.r.RecipeReviewApplication [restartedMain] The following 1 profile is active: "dev"
2025-02-28 07:04:35,316 INFO o.s.d.r.c.RepositoryConfigurationDelegate [restartedMain] Bootstrapping Spring Data MongoDB repositories in DEFAULT mode.
2025-02-28 07:04:35,320 INFO o.s.d.r.c.RepositoryConfigurationDelegate [restartedMain] Finished Spring Data repository scanning in 4 ms. Found 3 MongoDB repository interfaces.
2025-02-28 07:04:35,368 INFO o.s.b.w.e.t.TomcatWebServer [restartedMain] Tomcat initialized with port 8080 (http)
2025-02-28 07:04:35,369 INFO o.a.c.c.StandardService [restartedMain] Starting service [Tomcat]
2025-02-28 07:04:35,370 INFO o.a.c.c.StandardEngine [restartedMain] Starting Servlet engine: [Apache Tomcat/10.1.25]
2025-02-28 07:04:35,373 INFO o.a.c.c.C.[.[.[/] [restartedMain] Initializing Spring embedded WebApplicationContext
2025-02-28 07:04:35,373 INFO o.s.b.w.s.c.ServletWebServerApplicationContext [restartedMain] Root WebApplicationContext: initialization completed in 118 ms
2025-02-28 07:04:35,422 INFO o.m.d.client [restartedMain] MongoClient with metadata {"application": {"name": "Cluster0"}, "driver": {"name": "mongo-java-driver|sync|spring-boot", "version": "5.0.1"}, "os": {"type": "Darwin", "name": "Mac OS X", "architecture": "aarch64", "version": "12.0"}, "platform": "Java/Amazon.com Inc./19.0.2+7-FR"} created with settings MongoClientSettings{readPreference=primary, writeConcern=WriteConcern{w=majority, wTimeout=null ms, journal=null}, retryWrites=true, retryReads=true, readConcern=ReadConcern{level=null}, credential=MongoCredential{mechanism=null, userName='davidgim', source='admin', password=<hidden>, mechanismProperties=<hidden>}, transportSettings=null, commandListeners=[], codecRegistry=ProvidersCodecRegistry{codecProviders=[ValueCodecProvider{}, BsonValueCodecProvider{}, DBRefCodecProvider{}, DBObjectCodecProvider{}, DocumentCodecProvider{}, CollectionCodecProvider{}, IterableCodecProvider{}, MapCodecProvider{}, GeoJsonCodecProvider{}, GridFSFileCodecProvider{}, Jsr310CodecProvider{}, JsonObjectCodecProvider{}, BsonCodecProvider{}, EnumCodecProvider{}, com.mongodb.client.model.mql.ExpressionCodecProvider@4b8bb078, com.mongodb.Jep395RecordCodecProvider@6ab3c49f, com.mongodb.KotlinCodecProvider@3e9238b2]}, loggerSettings=LoggerSettings{maxDocumentLength=1000}, clusterSettings={hosts=[127.0.0.1:27017], srvHost=cluster0.vfjrvz5.mongodb.net, srvServiceName=mongodb, mode=MULTIPLE, requiredClusterType=REPLICA_SET, requiredReplicaSetName='atlas-dvv5fc-shard-0', serverSelector='null', clusterListeners='[]', serverSelectionTimeout='30000 ms', localThreshold='15 ms'}, socketSettings=SocketSettings{connectTimeoutMS=10000, readTimeoutMS=0, receiveBufferSize=0, proxySettings=ProxySettings{host=null, port=null, username=null, password=null}}, heartbeatSocketSettings=SocketSettings{connectTimeoutMS=10000, readTimeoutMS=10000, receiveBufferSize=0, proxySettings=ProxySettings{host=null, port=null, username=null, password=null}}, connectionPoolSettings=ConnectionPoolSettings{maxSize=100, minSize=0, maxWaitTimeMS=120000, maxConnectionLifeTimeMS=0, maxConnectionIdleTimeMS=0, maintenanceInitialDelayMS=0, maintenanceFrequencyMS=60000, connectionPoolListeners=[], maxConnecting=2}, serverSettings=ServerSettings{heartbeatFrequencyMS=10000, minHeartbeatFrequencyMS=500, serverListeners='[]', serverMonitorListeners='[]'}, sslSettings=SslSettings{enabled=true, invalidHostNameAllowed=false, context=null}, applicationName='Cluster0', compressorList=[], uuidRepresentation=JAVA_LEGACY, serverApi=null, autoEncryptionSettings=null, dnsClient=null, inetAddressResolver=null, contextProvider=null}
2025-02-28 07:04:35,441 INFO o.s.b.d.a.OptionalLiveReloadServer [restartedMain] LiveReload server is running on port 35729
2025-02-28 07:04:35,446 INFO o.s.s.c.a.a.c.InitializeUserDetailsBeanManagerConfigurer$InitializeUserDetailsManagerConfigurer [restartedMain] Global AuthenticationManager configured with UserDetailsService bean with name userService
2025-02-28 07:04:35,451 INFO o.m.d.cluster [cluster-ClusterId{value='67c1d0833843dd026896657f', description='Cluster0'}-srv-cluster0.vfjrvz5.mongodb.net] Adding discovered server ac-hh0g5km-shard-00-01.vfjrvz5.mongodb.net:27017 to client view of cluster
2025-02-28 07:04:35,451 INFO o.m.d.cluster [cluster-ClusterId{value='67c1d0833843dd026896657f', description='Cluster0'}-srv-cluster0.vfjrvz5.mongodb.net] Adding discovered server ac-hh0g5km-shard-00-02.vfjrvz5.mongodb.net:27017 to client view of cluster
2025-02-28 07:04:35,452 INFO o.m.d.cluster [cluster-ClusterId{value='67c1d0833843dd026896657f', description='Cluster0'}-srv-cluster0.vfjrvz5.mongodb.net] Adding discovered server ac-hh0g5km-shard-00-00.vfjrvz5.mongodb.net:27017 to client view of cluster
2025-02-28 07:04:35,503 INFO o.s.b.w.e.t.TomcatWebServer [restartedMain] Tomcat started on port 8080 (http) with context path '/'
2025-02-28 07:04:35,505 INFO c.e.r.RecipeReviewApplication [restartedMain] Started RecipeReviewApplication in 0.263 seconds (process running for 11316.608)
2025-02-28 07:04:35,506 INFO o.s.b.d.a.ConditionEvaluationDeltaLoggingListener [restartedMain] Condition evaluation unchanged
2025-02-28 07:04:35,593 INFO o.m.d.cluster [cluster-ClusterId{value='67c1d0833843dd026896657f', description='Cluster0'}-ac-hh0g5km-shard-00-01.vfjrvz5.mongodb.net:27017] Monitor thread successfully connected to server with description ServerDescription{address=ac-hh0g5km-shard-00-01.vfjrvz5.mongodb.net:27017, type=REPLICA_SET_PRIMARY, state=CONNECTED, ok=true, minWireVersion=0, maxWireVersion=25, maxDocumentSize=16777216, logicalSessionTimeoutMinutes=30, roundTripTimeNanos=87815458, setName='atlas-dvv5fc-shard-0', canonicalAddress=ac-hh0g5km-shard-00-01.vfjrvz5.mongodb.net:27017, hosts=[ac-hh0g5km-shard-00-00.vfjrvz5.mongodb.net:27017, ac-hh0g5km-shard-00-01.vfjrvz5.mongodb.net:27017, ac-hh0g5km-shard-00-02.vfjrvz5.mongodb.net:27017], passives=[], arbiters=[], primary='ac-hh0g5km-shard-00-01.vfjrvz5.mongodb.net:27017', tagSet=TagSet{[Tag{name='availabilityZone', value='usw2-az1'}, Tag{name='diskState', value='READY'}, Tag{name='nodeType', value='ELECTABLE'}, Tag{name='provider', value='AWS'}, Tag{name='region', value='US_WEST_2'}, Tag{name='workloadType', value='OPERATIONAL'}]}, electionId=7fffffff00000000000000d8, setVersion=39, topologyVersion=TopologyVersion{processId=67ad12a53f34254185d8fb50, counter=6}, lastWriteDate=Fri Feb 28 07:04:35 PST 2025, lastUpdateTimeNanos=24200455983958}
2025-02-28 07:04:35,593 INFO o.m.d.cluster [cluster-ClusterId{value='67c1d0833843dd026896657f', description='Cluster0'}-ac-hh0g5km-shard-00-01.vfjrvz5.mongodb.net:27017] Discovered replica set primary ac-hh0g5km-shard-00-01.vfjrvz5.mongodb.net:27017 with max election id 7fffffff00000000000000d8 and max set version 39
2025-02-28 07:04:35,653 INFO o.m.d.cluster [cluster-ClusterId{value='67c1d0833843dd026896657f', description='Cluster0'}-ac-hh0g5km-shard-00-02.vfjrvz5.mongodb.net:27017] Monitor thread successfully connected to server with description ServerDescription{address=ac-hh0g5km-shard-00-02.vfjrvz5.mongodb.net:27017, type=REPLICA_SET_SECONDARY, state=CONNECTED, ok=true, minWireVersion=0, maxWireVersion=25, maxDocumentSize=16777216, logicalSessionTimeoutMinutes=30, roundTripTimeNanos=85540291, setName='atlas-dvv5fc-shard-0', canonicalAddress=ac-hh0g5km-shard-00-02.vfjrvz5.mongodb.net:27017, hosts=[ac-hh0g5km-shard-00-00.vfjrvz5.mongodb.net:27017, ac-hh0g5km-shard-00-01.vfjrvz5.mongodb.net:27017, ac-hh0g5km-shard-00-02.vfjrvz5.mongodb.net:27017], passives=[], arbiters=[], primary='ac-hh0g5km-shard-00-01.vfjrvz5.mongodb.net:27017', tagSet=TagSet{[Tag{name='availabilityZone', value='usw2-az3'}, Tag{name='diskState', value='READY'}, Tag{name='nodeType', value='ELECTABLE'}, Tag{name='provider', value='AWS'}, Tag{name='region', value='US_WEST_2'}, Tag{name='workloadType', value='OPERATIONAL'}]}, electionId=null, setVersion=39, topologyVersion=TopologyVersion{processId=67ad1661da03e837d9dbb4e2, counter=3}, lastWriteDate=Fri Feb 28 07:04:35 PST 2025, lastUpdateTimeNanos=24200516772916}
2025-02-28 07:04:35,653 INFO o.m.d.cluster [cluster-ClusterId{value='67c1d0833843dd026896657f', description='Cluster0'}-ac-hh0g5km-shard-00-00.vfjrvz5.mongodb.net:27017] Monitor thread successfully connected to server with description ServerDescription{address=ac-hh0g5km-shard-00-00.vfjrvz5.mongodb.net:27017, type=REPLICA_SET_SECONDARY, state=CONNECTED, ok=true, minWireVersion=0, maxWireVersion=25, maxDocumentSize=16777216, logicalSessionTimeoutMinutes=30, roundTripTimeNanos=85457500, setName='atlas-dvv5fc-shard-0', canonicalAddress=ac-hh0g5km-shard-00-00.vfjrvz5.mongodb.net:27017, hosts=[ac-hh0g5km-shard-00-00.vfjrvz5.mongodb.net:27017, ac-hh0g5km-shard-00-01.vfjrvz5.mongodb.net:27017, ac-hh0g5km-shard-00-02.vfjrvz5.mongodb.net:27017], passives=[], arbiters=[], primary='ac-hh0g5km-shard-00-01.vfjrvz5.mongodb.net:27017', tagSet=TagSet{[Tag{name='availabilityZone', value='usw2-az2'}, Tag{name='diskState', value='READY'}, Tag{name='nodeType', value='ELECTABLE'}, Tag{name='provider', value='AWS'}, Tag{name='region', value='US_WEST_2'}, Tag{name='workloadType', value='OPERATIONAL'}]}, electionId=null, setVersion=39, topologyVersion=TopologyVersion{processId=67ad0ff25aa6d78c30bc2521, counter=4}, lastWriteDate=Fri Feb 28 07:04:35 PST 2025, lastUpdateTimeNanos=24200516848500}
2025-02-28 08:02:10,197 INFO o.s.b.d.a.LocalDevToolsAutoConfiguration$RestartingClassPathChangeChangedEventListener [File Watcher] Restarting due to 1 class path change (0 additions, 0 deletions, 1 modification)
2025-02-28 08:02:10,349 INFO c.e.r.RecipeReviewApplication [restartedMain] Starting RecipeReviewApplication using Java 19.0.2 with PID 32804 (/Users/davidgim/coding_projects/yt_recipe_app/backend/recipe-review/target/classes started by davidgim in /Users/davidgim/coding_projects/yt_recipe_app/backend/recipe-review)
2025-02-28 08:02:10,349 INFO c.e.r.RecipeReviewApplication [restartedMain] The following 1 profile is active: "dev"
2025-02-28 08:02:10,416 INFO o.s.d.r.c.RepositoryConfigurationDelegate [restartedMain] Bootstrapping Spring Data MongoDB repositories in DEFAULT mode.
2025-02-28 08:02:10,421 INFO o.s.d.r.c.RepositoryConfigurationDelegate [restartedMain] Finished Spring Data repository scanning in 4 ms. Found 3 MongoDB repository interfaces.
2025-02-28 08:02:10,470 INFO o.s.b.w.e.t.TomcatWebServer [restartedMain] Tomcat initialized with port 8080 (http)
2025-02-28 08:02:10,473 INFO o.a.c.c.StandardService [restartedMain] Starting service [Tomcat]
2025-02-28 08:02:10,473 INFO o.a.c.c.StandardEngine [restartedMain] Starting Servlet engine: [Apache Tomcat/10.1.25]
2025-02-28 08:02:10,477 INFO o.a.c.c.C.[.[.[/] [restartedMain] Initializing Spring embedded WebApplicationContext
2025-02-28 08:02:10,477 INFO o.s.b.w.s.c.ServletWebServerApplicationContext [restartedMain] Root WebApplicationContext: initialization completed in 128 ms
2025-02-28 08:02:10,536 INFO o.m.d.client [restartedMain] MongoClient with metadata {"application": {"name": "Cluster0"}, "driver": {"name": "mongo-java-driver|sync|spring-boot", "version": "5.0.1"}, "os": {"type": "Darwin", "name": "Mac OS X", "architecture": "aarch64", "version": "12.0"}, "platform": "Java/Amazon.com Inc./19.0.2+7-FR"} created with settings MongoClientSettings{readPreference=primary, writeConcern=WriteConcern{w=majority, wTimeout=null ms, journal=null}, retryWrites=true, retryReads=true, readConcern=ReadConcern{level=null}, credential=MongoCredential{mechanism=null, userName='davidgim', source='admin', password=<hidden>, mechanismProperties=<hidden>}, transportSettings=null, commandListeners=[], codecRegistry=ProvidersCodecRegistry{codecProviders=[ValueCodecProvider{}, BsonValueCodecProvider{}, DBRefCodecProvider{}, DBObjectCodecProvider{}, DocumentCodecProvider{}, CollectionCodecProvider{}, IterableCodecProvider{}, MapCodecProvider{}, GeoJsonCodecProvider{}, GridFSFileCodecProvider{}, Jsr310CodecProvider{}, JsonObjectCodecProvider{}, BsonCodecProvider{}, EnumCodecProvider{}, com.mongodb.client.model.mql.ExpressionCodecProvider@4b8bb078, com.mongodb.Jep395RecordCodecProvider@6ab3c49f, com.mongodb.KotlinCodecProvider@3e9238b2]}, loggerSettings=LoggerSettings{maxDocumentLength=1000}, clusterSettings={hosts=[127.0.0.1:27017], srvHost=cluster0.vfjrvz5.mongodb.net, srvServiceName=mongodb, mode=MULTIPLE, requiredClusterType=REPLICA_SET, requiredReplicaSetName='atlas-dvv5fc-shard-0', serverSelector='null', clusterListeners='[]', serverSelectionTimeout='30000 ms', localThreshold='15 ms'}, socketSettings=SocketSettings{connectTimeoutMS=10000, readTimeoutMS=0, receiveBufferSize=0, proxySettings=ProxySettings{host=null, port=null, username=null, password=null}}, heartbeatSocketSettings=SocketSettings{connectTimeoutMS=10000, readTimeoutMS=10000, receiveBufferSize=0, proxySettings=ProxySettings{host=null, port=null, username=null, password=null}}, connectionPoolSettings=ConnectionPoolSettings{maxSize=100, minSize=0, maxWaitTimeMS=120000, maxConnectionLifeTimeMS=0, maxConnectionIdleTimeMS=0, maintenanceInitialDelayMS=0, maintenanceFrequencyMS=60000, connectionPoolListeners=[], maxConnecting=2}, serverSettings=ServerSettings{heartbeatFrequencyMS=10000, minHeartbeatFrequencyMS=500, serverListeners='[]', serverMonitorListeners='[]'}, sslSettings=SslSettings{enabled=true, invalidHostNameAllowed=false, context=null}, applicationName='Cluster0', compressorList=[], uuidRepresentation=JAVA_LEGACY, serverApi=null, autoEncryptionSettings=null, dnsClient=null, inetAddressResolver=null, contextProvider=null}
2025-02-28 08:02:10,559 INFO o.s.b.d.a.OptionalLiveReloadServer [restartedMain] LiveReload server is running on port 35729
2025-02-28 08:02:10,564 INFO o.s.s.c.a.a.c.InitializeUserDetailsBeanManagerConfigurer$InitializeUserDetailsManagerConfigurer [restartedMain] Global AuthenticationManager configured with UserDetailsService bean with name userService
2025-02-28 08:02:10,575 INFO o.m.d.cluster [cluster-ClusterId{value='67c1de023843dd0268966580', description='Cluster0'}-srv-cluster0.vfjrvz5.mongodb.net] Adding discovered server ac-hh0g5km-shard-00-01.vfjrvz5.mongodb.net:27017 to client view of cluster
2025-02-28 08:02:10,576 INFO o.m.d.cluster [cluster-ClusterId{value='67c1de023843dd0268966580', description='Cluster0'}-srv-cluster0.vfjrvz5.mongodb.net] Adding discovered server ac-hh0g5km-shard-00-02.vfjrvz5.mongodb.net:27017 to client view of cluster
2025-02-28 08:02:10,576 INFO o.m.d.cluster [cluster-ClusterId{value='67c1de023843dd0268966580', description='Cluster0'}-srv-cluster0.vfjrvz5.mongodb.net] Adding discovered server ac-hh0g5km-shard-00-00.vfjrvz5.mongodb.net:27017 to client view of cluster
2025-02-28 08:02:10,623 INFO o.s.b.w.e.t.TomcatWebServer [restartedMain] Tomcat started on port 8080 (http) with context path '/'
2025-02-28 08:02:10,625 INFO c.e.r.RecipeReviewApplication [restartedMain] Started RecipeReviewApplication in 0.29 seconds (process running for 14771.747)
2025-02-28 08:02:10,625 INFO o.s.b.d.a.ConditionEvaluationDeltaLoggingListener [restartedMain] Condition evaluation unchanged
2025-02-28 08:02:10,797 INFO o.m.d.cluster [cluster-ClusterId{value='67c1de023843dd0268966580', description='Cluster0'}-ac-hh0g5km-shard-00-00.vfjrvz5.mongodb.net:27017] Monitor thread successfully connected to server with description ServerDescription{address=ac-hh0g5km-shard-00-00.vfjrvz5.mongodb.net:27017, type=REPLICA_SET_SECONDARY, state=CONNECTED, ok=true, minWireVersion=0, maxWireVersion=25, maxDocumentSize=16777216, logicalSessionTimeoutMinutes=30, roundTripTimeNanos=96426791, setName='atlas-dvv5fc-shard-0', canonicalAddress=ac-hh0g5km-shard-00-00.vfjrvz5.mongodb.net:27017, hosts=[ac-hh0g5km-shard-00-00.vfjrvz5.mongodb.net:27017, ac-hh0g5km-shard-00-01.vfjrvz5.mongodb.net:27017, ac-hh0g5km-shard-00-02.vfjrvz5.mongodb.net:27017], passives=[], arbiters=[], primary='ac-hh0g5km-shard-00-01.vfjrvz5.mongodb.net:27017', tagSet=TagSet{[Tag{name='availabilityZone', value='usw2-az2'}, Tag{name='diskState', value='READY'}, Tag{name='nodeType', value='ELECTABLE'}, Tag{name='provider', value='AWS'}, Tag{name='region', value='US_WEST_2'}, Tag{name='workloadType', value='OPERATIONAL'}]}, electionId=null, setVersion=39, topologyVersion=TopologyVersion{processId=67ad0ff25aa6d78c30bc2521, counter=4}, lastWriteDate=Fri Feb 28 08:02:10 PST 2025, lastUpdateTimeNanos=27655679863333}
2025-02-28 08:02:10,802 INFO o.m.d.cluster [cluster-ClusterId{value='67c1de023843dd0268966580', description='Cluster0'}-ac-hh0g5km-shard-00-02.vfjrvz5.mongodb.net:27017] Monitor thread successfully connected to server with description ServerDescription{address=ac-hh0g5km-shard-00-02.vfjrvz5.mongodb.net:27017, type=REPLICA_SET_SECONDARY, state=CONNECTED, ok=true, minWireVersion=0, maxWireVersion=25, maxDocumentSize=16777216, logicalSessionTimeoutMinutes=30, roundTripTimeNanos=115015166, setName='atlas-dvv5fc-shard-0', canonicalAddress=ac-hh0g5km-shard-00-02.vfjrvz5.mongodb.net:27017, hosts=[ac-hh0g5km-shard-00-00.vfjrvz5.mongodb.net:27017, ac-hh0g5km-shard-00-01.vfjrvz5.mongodb.net:27017, ac-hh0g5km-shard-00-02.vfjrvz5.mongodb.net:27017], passives=[], arbiters=[], primary='ac-hh0g5km-shard-00-01.vfjrvz5.mongodb.net:27017', tagSet=TagSet{[Tag{name='availabilityZone', value='usw2-az3'}, Tag{name='diskState', value='READY'}, Tag{name='nodeType', value='ELECTABLE'}, Tag{name='provider', value='AWS'}, Tag{name='region', value='US_WEST_2'}, Tag{name='workloadType', value='OPERATIONAL'}]}, electionId=null, setVersion=39, topologyVersion=TopologyVersion{processId=67ad1661da03e837d9dbb4e2, counter=3}, lastWriteDate=Fri Feb 28 08:02:10 PST 2025, lastUpdateTimeNanos=27655686090333}
2025-02-28 08:02:10,803 INFO o.m.d.cluster [cluster-ClusterId{value='67c1de023843dd0268966580', description='Cluster0'}-ac-hh0g5km-shard-00-01.vfjrvz5.mongodb.net:27017] Monitor thread successfully connected to server with description ServerDescription{address=ac-hh0g5km-shard-00-01.vfjrvz5.mongodb.net:27017, type=REPLICA_SET_PRIMARY, state=CONNECTED, ok=true, minWireVersion=0, maxWireVersion=25, maxDocumentSize=16777216, logicalSessionTimeoutMinutes=30, roundTripTimeNanos=119119333, setName='atlas-dvv5fc-shard-0', canonicalAddress=ac-hh0g5km-shard-00-01.vfjrvz5.mongodb.net:27017, hosts=[ac-hh0g5km-shard-00-00.vfjrvz5.mongodb.net:27017, ac-hh0g5km-shard-00-01.vfjrvz5.mongodb.net:27017, ac-hh0g5km-shard-00-02.vfjrvz5.mongodb.net:27017], passives=[], arbiters=[], primary='ac-hh0g5km-shard-00-01.vfjrvz5.mongodb.net:27017', tagSet=TagSet{[Tag{name='availabilityZone', value='usw2-az1'}, Tag{name='diskState', value='READY'}, Tag{name='nodeType', value='ELECTABLE'}, Tag{name='provider', value='AWS'}, Tag{name='region', value='US_WEST_2'}, Tag{name='workloadType', value='OPERATIONAL'}]}, electionId=7fffffff00000000000000d8, setVersion=39, topologyVersion=TopologyVersion{processId=67ad12a53f34254185d8fb50, counter=6}, lastWriteDate=Fri Feb 28 08:02:10 PST 2025, lastUpdateTimeNanos=27655687030666}
2025-02-28 08:02:10,804 INFO o.m.d.cluster [cluster-ClusterId{value='67c1de023843dd0268966580', description='Cluster0'}-ac-hh0g5km-shard-00-01.vfjrvz5.mongodb.net:27017] Discovered replica set primary ac-hh0g5km-shard-00-01.vfjrvz5.mongodb.net:27017 with max election id 7fffffff00000000000000d8 and max set version 39
2025-02-28 08:09:01,538 INFO o.s.b.d.a.LocalDevToolsAutoConfiguration$RestartingClassPathChangeChangedEventListener [File Watcher] Restarting due to 1 class path change (0 additions, 0 deletions, 1 modification)
2025-02-28 08:09:01,670 INFO c.e.r.RecipeReviewApplication [restartedMain] Starting RecipeReviewApplication using Java 19.0.2 with PID 32804 (/Users/davidgim/coding_projects/yt_recipe_app/backend/recipe-review/target/classes started by davidgim in /Users/davidgim/coding_projects/yt_recipe_app/backend/recipe-review)
2025-02-28 08:09:01,670 INFO c.e.r.RecipeReviewApplication [restartedMain] The following 1 profile is active: "dev"
2025-02-28 08:09:01,735 INFO o.s.d.r.c.RepositoryConfigurationDelegate [restartedMain] Bootstrapping Spring Data MongoDB repositories in DEFAULT mode.
2025-02-28 08:09:01,740 INFO o.s.d.r.c.RepositoryConfigurationDelegate [restartedMain] Finished Spring Data repository scanning in 4 ms. Found 3 MongoDB repository interfaces.
2025-02-28 08:09:01,788 INFO o.s.b.w.e.t.TomcatWebServer [restartedMain] Tomcat initialized with port 8080 (http)
2025-02-28 08:09:01,789 INFO o.a.c.c.StandardService [restartedMain] Starting service [Tomcat]
2025-02-28 08:09:01,789 INFO o.a.c.c.StandardEngine [restartedMain] Starting Servlet engine: [Apache Tomcat/10.1.25]
2025-02-28 08:09:01,793 INFO o.a.c.c.C.[.[.[/] [restartedMain] Initializing Spring embedded WebApplicationContext
2025-02-28 08:09:01,793 INFO o.s.b.w.s.c.ServletWebServerApplicationContext [restartedMain] Root WebApplicationContext: initialization completed in 122 ms
2025-02-28 08:09:01,855 INFO o.m.d.client [restartedMain] MongoClient with metadata {"application": {"name": "Cluster0"}, "driver": {"name": "mongo-java-driver|sync|spring-boot", "version": "5.0.1"}, "os": {"type": "Darwin", "name": "Mac OS X", "architecture": "aarch64", "version": "12.0"}, "platform": "Java/Amazon.com Inc./19.0.2+7-FR"} created with settings MongoClientSettings{readPreference=primary, writeConcern=WriteConcern{w=majority, wTimeout=null ms, journal=null}, retryWrites=true, retryReads=true, readConcern=ReadConcern{level=null}, credential=MongoCredential{mechanism=null, userName='davidgim', source='admin', password=<hidden>, mechanismProperties=<hidden>}, transportSettings=null, commandListeners=[], codecRegistry=ProvidersCodecRegistry{codecProviders=[ValueCodecProvider{}, BsonValueCodecProvider{}, DBRefCodecProvider{}, DBObjectCodecProvider{}, DocumentCodecProvider{}, CollectionCodecProvider{}, IterableCodecProvider{}, MapCodecProvider{}, GeoJsonCodecProvider{}, GridFSFileCodecProvider{}, Jsr310CodecProvider{}, JsonObjectCodecProvider{}, BsonCodecProvider{}, EnumCodecProvider{}, com.mongodb.client.model.mql.ExpressionCodecProvider@4b8bb078, com.mongodb.Jep395RecordCodecProvider@6ab3c49f, com.mongodb.KotlinCodecProvider@3e9238b2]}, loggerSettings=LoggerSettings{maxDocumentLength=1000}, clusterSettings={hosts=[127.0.0.1:27017], srvHost=cluster0.vfjrvz5.mongodb.net, srvServiceName=mongodb, mode=MULTIPLE, requiredClusterType=REPLICA_SET, requiredReplicaSetName='atlas-dvv5fc-shard-0', serverSelector='null', clusterListeners='[]', serverSelectionTimeout='30000 ms', localThreshold='15 ms'}, socketSettings=SocketSettings{connectTimeoutMS=10000, readTimeoutMS=0, receiveBufferSize=0, proxySettings=ProxySettings{host=null, port=null, username=null, password=null}}, heartbeatSocketSettings=SocketSettings{connectTimeoutMS=10000, readTimeoutMS=10000, receiveBufferSize=0, proxySettings=ProxySettings{host=null, port=null, username=null, password=null}}, connectionPoolSettings=ConnectionPoolSettings{maxSize=100, minSize=0, maxWaitTimeMS=120000, maxConnectionLifeTimeMS=0, maxConnectionIdleTimeMS=0, maintenanceInitialDelayMS=0, maintenanceFrequencyMS=60000, connectionPoolListeners=[], maxConnecting=2}, serverSettings=ServerSettings{heartbeatFrequencyMS=10000, minHeartbeatFrequencyMS=500, serverListeners='[]', serverMonitorListeners='[]'}, sslSettings=SslSettings{enabled=true, invalidHostNameAllowed=false, context=null}, applicationName='Cluster0', compressorList=[], uuidRepresentation=JAVA_LEGACY, serverApi=null, autoEncryptionSettings=null, dnsClient=null, inetAddressResolver=null, contextProvider=null}
2025-02-28 08:09:01,877 INFO o.s.b.d.a.OptionalLiveReloadServer [restartedMain] LiveReload server is running on port 35729
2025-02-28 08:09:01,882 INFO o.s.s.c.a.a.c.InitializeUserDetailsBeanManagerConfigurer$InitializeUserDetailsManagerConfigurer [restartedMain] Global AuthenticationManager configured with UserDetailsService bean with name userService
2025-02-28 08:09:01,885 INFO o.m.d.cluster [cluster-ClusterId{value='67c1df9d3843dd0268966581', description='Cluster0'}-srv-cluster0.vfjrvz5.mongodb.net] Adding discovered server ac-hh0g5km-shard-00-01.vfjrvz5.mongodb.net:27017 to client view of cluster
2025-02-28 08:09:01,885 INFO o.m.d.cluster [cluster-ClusterId{value='67c1df9d3843dd0268966581', description='Cluster0'}-srv-cluster0.vfjrvz5.mongodb.net] Adding discovered server ac-hh0g5km-shard-00-02.vfjrvz5.mongodb.net:27017 to client view of cluster
2025-02-28 08:09:01,885 INFO o.m.d.cluster [cluster-ClusterId{value='67c1df9d3843dd0268966581', description='Cluster0'}-srv-cluster0.vfjrvz5.mongodb.net] Adding discovered server ac-hh0g5km-shard-00-00.vfjrvz5.mongodb.net:27017 to client view of cluster
2025-02-28 08:09:01,940 INFO o.s.b.w.e.t.TomcatWebServer [restartedMain] Tomcat started on port 8080 (http) with context path '/'
2025-02-28 08:09:01,942 INFO c.e.r.RecipeReviewApplication [restartedMain] Started RecipeReviewApplication in 0.285 seconds (process running for 15183.066)
2025-02-28 08:09:01,942 INFO o.s.b.d.a.ConditionEvaluationDeltaLoggingListener [restartedMain] Condition evaluation unchanged
2025-02-28 08:09:02,017 INFO o.m.d.cluster [cluster-ClusterId{value='67c1df9d3843dd0268966581', description='Cluster0'}-ac-hh0g5km-shard-00-00.vfjrvz5.mongodb.net:27017] Monitor thread successfully connected to server with description ServerDescription{address=ac-hh0g5km-shard-00-00.vfjrvz5.mongodb.net:27017, type=REPLICA_SET_SECONDARY, state=CONNECTED, ok=true, minWireVersion=0, maxWireVersion=25, maxDocumentSize=16777216, logicalSessionTimeoutMinutes=30, roundTripTimeNanos=52956709, setName='atlas-dvv5fc-shard-0', canonicalAddress=ac-hh0g5km-shard-00-00.vfjrvz5.mongodb.net:27017, hosts=[ac-hh0g5km-shard-00-00.vfjrvz5.mongodb.net:27017, ac-hh0g5km-shard-00-01.vfjrvz5.mongodb.net:27017, ac-hh0g5km-shard-00-02.vfjrvz5.mongodb.net:27017], passives=[], arbiters=[], primary='ac-hh0g5km-shard-00-01.vfjrvz5.mongodb.net:27017', tagSet=TagSet{[Tag{name='availabilityZone', value='usw2-az2'}, Tag{name='diskState', value='READY'}, Tag{name='nodeType', value='ELECTABLE'}, Tag{name='provider', value='AWS'}, Tag{name='region', value='US_WEST_2'}, Tag{name='workloadType', value='OPERATIONAL'}]}, electionId=null, setVersion=39, topologyVersion=TopologyVersion{processId=67ad0ff25aa6d78c30bc2521, counter=4}, lastWriteDate=Fri Feb 28 08:09:02 PST 2025, lastUpdateTimeNanos=28066902019791}
2025-02-28 08:09:02,037 INFO o.m.d.cluster [cluster-ClusterId{value='67c1df9d3843dd0268966581', description='Cluster0'}-ac-hh0g5km-shard-00-02.vfjrvz5.mongodb.net:27017] Monitor thread successfully connected to server with description ServerDescription{address=ac-hh0g5km-shard-00-02.vfjrvz5.mongodb.net:27017, type=REPLICA_SET_SECONDARY, state=CONNECTED, ok=true, minWireVersion=0, maxWireVersion=25, maxDocumentSize=16777216, logicalSessionTimeoutMinutes=30, roundTripTimeNanos=89614500, setName='atlas-dvv5fc-shard-0', canonicalAddress=ac-hh0g5km-shard-00-02.vfjrvz5.mongodb.net:27017, hosts=[ac-hh0g5km-shard-00-00.vfjrvz5.mongodb.net:27017, ac-hh0g5km-shard-00-01.vfjrvz5.mongodb.net:27017, ac-hh0g5km-shard-00-02.vfjrvz5.mongodb.net:27017], passives=[], arbiters=[], primary='ac-hh0g5km-shard-00-01.vfjrvz5.mongodb.net:27017', tagSet=TagSet{[Tag{name='availabilityZone', value='usw2-az3'}, Tag{name='diskState', value='READY'}, Tag{name='nodeType', value='ELECTABLE'}, Tag{name='provider', value='AWS'}, Tag{name='region', value='US_WEST_2'}, Tag{name='workloadType', value='OPERATIONAL'}]}, electionId=null, setVersion=39, topologyVersion=TopologyVersion{processId=67ad1661da03e837d9dbb4e2, counter=3}, lastWriteDate=Fri Feb 28 08:09:02 PST 2025, lastUpdateTimeNanos=28066922129708}
2025-02-28 08:09:02,171 INFO o.m.d.cluster [cluster-ClusterId{value='67c1df9d3843dd0268966581', description='Cluster0'}-ac-hh0g5km-shard-00-01.vfjrvz5.mongodb.net:27017] Monitor thread successfully connected to server with description ServerDescription{address=ac-hh0g5km-shard-00-01.vfjrvz5.mongodb.net:27017, type=REPLICA_SET_PRIMARY, state=CONNECTED, ok=true, minWireVersion=0, maxWireVersion=25, maxDocumentSize=16777216, logicalSessionTimeoutMinutes=30, roundTripTimeNanos=209897042, setName='atlas-dvv5fc-shard-0', canonicalAddress=ac-hh0g5km-shard-00-01.vfjrvz5.mongodb.net:27017, hosts=[ac-hh0g5km-shard-00-00.vfjrvz5.mongodb.net:27017, ac-hh0g5km-shard-00-01.vfjrvz5.mongodb.net:27017, ac-hh0g5km-shard-00-02.vfjrvz5.mongodb.net:27017], passives=[], arbiters=[], primary='ac-hh0g5km-shard-00-01.vfjrvz5.mongodb.net:27017', tagSet=TagSet{[Tag{name='availabilityZone', value='usw2-az1'}, Tag{name='diskState', value='READY'}, Tag{name='nodeType', value='ELECTABLE'}, Tag{name='provider', value='AWS'}, Tag{name='region', value='US_WEST_2'}, Tag{name='workloadType', value='OPERATIONAL'}]}, electionId=7fffffff00000000000000d8, setVersion=39, topologyVersion=TopologyVersion{processId=67ad12a53f34254185d8fb50, counter=6}, lastWriteDate=Fri Feb 28 08:09:02 PST 2025, lastUpdateTimeNanos=28067056276500}
2025-02-28 08:09:02,172 INFO o.m.d.cluster [cluster-ClusterId{value='67c1df9d3843dd0268966581', description='Cluster0'}-ac-hh0g5km-shard-00-01.vfjrvz5.mongodb.net:27017] Discovered replica set primary ac-hh0g5km-shard-00-01.vfjrvz5.mongodb.net:27017 with max election id 7fffffff00000000000000d8 and max set version 39
2025-02-28 08:19:59,521 INFO o.s.b.d.a.LocalDevToolsAutoConfiguration$RestartingClassPathChangeChangedEventListener [File Watcher] Restarting due to 1 class path change (0 additions, 0 deletions, 1 modification)
2025-02-28 08:19:59,693 INFO c.e.r.RecipeReviewApplication [restartedMain] Starting RecipeReviewApplication using Java 19.0.2 with PID 32804 (/Users/davidgim/coding_projects/yt_recipe_app/backend/recipe-review/target/classes started by davidgim in /Users/davidgim/coding_projects/yt_recipe_app/backend/recipe-review)
2025-02-28 08:19:59,693 INFO c.e.r.RecipeReviewApplication [restartedMain] The following 1 profile is active: "dev"
2025-02-28 08:19:59,774 INFO o.s.d.r.c.RepositoryConfigurationDelegate [restartedMain] Bootstrapping Spring Data MongoDB repositories in DEFAULT mode.
2025-02-28 08:19:59,779 INFO o.s.d.r.c.RepositoryConfigurationDelegate [restartedMain] Finished Spring Data repository scanning in 5 ms. Found 3 MongoDB repository interfaces.
2025-02-28 08:19:59,843 INFO o.s.b.w.e.t.TomcatWebServer [restartedMain] Tomcat initialized with port 8080 (http)
2025-02-28 08:19:59,844 INFO o.a.c.c.StandardService [restartedMain] Starting service [Tomcat]
2025-02-28 08:19:59,844 INFO o.a.c.c.StandardEngine [restartedMain] Starting Servlet engine: [Apache Tomcat/10.1.25]
2025-02-28 08:19:59,848 INFO o.a.c.c.C.[.[.[/] [restartedMain] Initializing Spring embedded WebApplicationContext
2025-02-28 08:19:59,848 INFO o.s.b.w.s.c.ServletWebServerApplicationContext [restartedMain] Root WebApplicationContext: initialization completed in 154 ms
2025-02-28 08:19:59,899 INFO o.m.d.client [restartedMain] MongoClient with metadata {"application": {"name": "Cluster0"}, "driver": {"name": "mongo-java-driver|sync|spring-boot", "version": "5.0.1"}, "os": {"type": "Darwin", "name": "Mac OS X", "architecture": "aarch64", "version": "12.0"}, "platform": "Java/Amazon.com Inc./19.0.2+7-FR"} created with settings MongoClientSettings{readPreference=primary, writeConcern=WriteConcern{w=majority, wTimeout=null ms, journal=null}, retryWrites=true, retryReads=true, readConcern=ReadConcern{level=null}, credential=MongoCredential{mechanism=null, userName='davidgim', source='admin', password=<hidden>, mechanismProperties=<hidden>}, transportSettings=null, commandListeners=[], codecRegistry=ProvidersCodecRegistry{codecProviders=[ValueCodecProvider{}, BsonValueCodecProvider{}, DBRefCodecProvider{}, DBObjectCodecProvider{}, DocumentCodecProvider{}, CollectionCodecProvider{}, IterableCodecProvider{}, MapCodecProvider{}, GeoJsonCodecProvider{}, GridFSFileCodecProvider{}, Jsr310CodecProvider{}, JsonObjectCodecProvider{}, BsonCodecProvider{}, EnumCodecProvider{}, com.mongodb.client.model.mql.ExpressionCodecProvider@4b8bb078, com.mongodb.Jep395RecordCodecProvider@6ab3c49f, com.mongodb.KotlinCodecProvider@3e9238b2]}, loggerSettings=LoggerSettings{maxDocumentLength=1000}, clusterSettings={hosts=[127.0.0.1:27017], srvHost=cluster0.vfjrvz5.mongodb.net, srvServiceName=mongodb, mode=MULTIPLE, requiredClusterType=REPLICA_SET, requiredReplicaSetName='atlas-dvv5fc-shard-0', serverSelector='null', clusterListeners='[]', serverSelectionTimeout='30000 ms', localThreshold='15 ms'}, socketSettings=SocketSettings{connectTimeoutMS=10000, readTimeoutMS=0, receiveBufferSize=0, proxySettings=ProxySettings{host=null, port=null, username=null, password=null}}, heartbeatSocketSettings=SocketSettings{connectTimeoutMS=10000, readTimeoutMS=10000, receiveBufferSize=0, proxySettings=ProxySettings{host=null, port=null, username=null, password=null}}, connectionPoolSettings=ConnectionPoolSettings{maxSize=100, minSize=0, maxWaitTimeMS=120000, maxConnectionLifeTimeMS=0, maxConnectionIdleTimeMS=0, maintenanceInitialDelayMS=0, maintenanceFrequencyMS=60000, connectionPoolListeners=[], maxConnecting=2}, serverSettings=ServerSettings{heartbeatFrequencyMS=10000, minHeartbeatFrequencyMS=500, serverListeners='[]', serverMonitorListeners='[]'}, sslSettings=SslSettings{enabled=true, invalidHostNameAllowed=false, context=null}, applicationName='Cluster0', compressorList=[], uuidRepresentation=JAVA_LEGACY, serverApi=null, autoEncryptionSettings=null, dnsClient=null, inetAddressResolver=null, contextProvider=null}
2025-02-28 08:19:59,925 INFO o.s.b.d.a.OptionalLiveReloadServer [restartedMain] LiveReload server is running on port 35729
2025-02-28 08:19:59,931 INFO o.m.d.cluster [cluster-ClusterId{value='67c1e22f3843dd0268966582', description='Cluster0'}-srv-cluster0.vfjrvz5.mongodb.net] Adding discovered server ac-hh0g5km-shard-00-01.vfjrvz5.mongodb.net:27017 to client view of cluster
2025-02-28 08:19:59,931 INFO o.m.d.cluster [cluster-ClusterId{value='67c1e22f3843dd0268966582', description='Cluster0'}-srv-cluster0.vfjrvz5.mongodb.net] Adding discovered server ac-hh0g5km-shard-00-02.vfjrvz5.mongodb.net:27017 to client view of cluster
2025-02-28 08:19:59,932 INFO o.m.d.cluster [cluster-ClusterId{value='67c1e22f3843dd0268966582', description='Cluster0'}-srv-cluster0.vfjrvz5.mongodb.net] Adding discovered server ac-hh0g5km-shard-00-00.vfjrvz5.mongodb.net:27017 to client view of cluster
2025-02-28 08:19:59,932 INFO o.s.s.c.a.a.c.InitializeUserDetailsBeanManagerConfigurer$InitializeUserDetailsManagerConfigurer [restartedMain] Global AuthenticationManager configured with UserDetailsService bean with name userService
2025-02-28 08:20:00,012 INFO o.s.b.w.e.t.TomcatWebServer [restartedMain] Tomcat started on port 8080 (http) with context path '/'
2025-02-28 08:20:00,014 INFO c.e.r.RecipeReviewApplication [restartedMain] Started RecipeReviewApplication in 0.336 seconds (process running for 15841.106)
2025-02-28 08:20:00,015 INFO o.s.b.d.a.ConditionEvaluationDeltaLoggingListener [restartedMain] Condition evaluation unchanged
2025-02-28 08:20:00,089 INFO o.m.d.cluster [cluster-ClusterId{value='67c1e22f3843dd0268966582', description='Cluster0'}-ac-hh0g5km-shard-00-00.vfjrvz5.mongodb.net:27017] Monitor thread successfully connected to server with description ServerDescription{address=ac-hh0g5km-shard-00-00.vfjrvz5.mongodb.net:27017, type=REPLICA_SET_SECONDARY, state=CONNECTED, ok=true, minWireVersion=0, maxWireVersion=25, maxDocumentSize=16777216, logicalSessionTimeoutMinutes=30, roundTripTimeNanos=86695208, setName='atlas-dvv5fc-shard-0', canonicalAddress=ac-hh0g5km-shard-00-00.vfjrvz5.mongodb.net:27017, hosts=[ac-hh0g5km-shard-00-00.vfjrvz5.mongodb.net:27017, ac-hh0g5km-shard-00-01.vfjrvz5.mongodb.net:27017, ac-hh0g5km-shard-00-02.vfjrvz5.mongodb.net:27017], passives=[], arbiters=[], primary='ac-hh0g5km-shard-00-01.vfjrvz5.mongodb.net:27017', tagSet=TagSet{[Tag{name='availabilityZone', value='usw2-az2'}, Tag{name='diskState', value='READY'}, Tag{name='nodeType', value='ELECTABLE'}, Tag{name='provider', value='AWS'}, Tag{name='region', value='US_WEST_2'}, Tag{name='workloadType', value='OPERATIONAL'}]}, electionId=null, setVersion=39, topologyVersion=TopologyVersion{processId=67ad0ff25aa6d78c30bc2521, counter=4}, lastWriteDate=Fri Feb 28 08:20:00 PST 2025, lastUpdateTimeNanos=28724942027083}
2025-02-28 08:20:00,113 INFO o.m.d.cluster [cluster-ClusterId{value='67c1e22f3843dd0268966582', description='Cluster0'}-ac-hh0g5km-shard-00-02.vfjrvz5.mongodb.net:27017] Monitor thread successfully connected to server with description ServerDescription{address=ac-hh0g5km-shard-00-02.vfjrvz5.mongodb.net:27017, type=REPLICA_SET_SECONDARY, state=CONNECTED, ok=true, minWireVersion=0, maxWireVersion=25, maxDocumentSize=16777216, logicalSessionTimeoutMinutes=30, roundTripTimeNanos=110387417, setName='atlas-dvv5fc-shard-0', canonicalAddress=ac-hh0g5km-shard-00-02.vfjrvz5.mongodb.net:27017, hosts=[ac-hh0g5km-shard-00-00.vfjrvz5.mongodb.net:27017, ac-hh0g5km-shard-00-01.vfjrvz5.mongodb.net:27017, ac-hh0g5km-shard-00-02.vfjrvz5.mongodb.net:27017], passives=[], arbiters=[], primary='ac-hh0g5km-shard-00-01.vfjrvz5.mongodb.net:27017', tagSet=TagSet{[Tag{name='availabilityZone', value='usw2-az3'}, Tag{name='diskState', value='READY'}, Tag{name='nodeType', value='ELECTABLE'}, Tag{name='provider', value='AWS'}, Tag{name='region', value='US_WEST_2'}, Tag{name='workloadType', value='OPERATIONAL'}]}, electionId=null, setVersion=39, topologyVersion=TopologyVersion{processId=67ad1661da03e837d9dbb4e2, counter=3}, lastWriteDate=Fri Feb 28 08:20:00 PST 2025, lastUpdateTimeNanos=28724965675750}
2025-02-28 08:20:00,113 INFO o.m.d.cluster [cluster-ClusterId{value='67c1e22f3843dd0268966582', description='Cluster0'}-ac-hh0g5km-shard-00-01.vfjrvz5.mongodb.net:27017] Monitor thread successfully connected to server with description ServerDescription{address=ac-hh0g5km-shard-00-01.vfjrvz5.mongodb.net:27017, type=REPLICA_SET_PRIMARY, state=CONNECTED, ok=true, minWireVersion=0, maxWireVersion=25, maxDocumentSize=16777216, logicalSessionTimeoutMinutes=30, roundTripTimeNanos=111023917, setName='atlas-dvv5fc-shard-0', canonicalAddress=ac-hh0g5km-shard-00-01.vfjrvz5.mongodb.net:27017, hosts=[ac-hh0g5km-shard-00-00.vfjrvz5.mongodb.net:27017, ac-hh0g5km-shard-00-01.vfjrvz5.mongodb.net:27017, ac-hh0g5km-shard-00-02.vfjrvz5.mongodb.net:27017], passives=[], arbiters=[], primary='ac-hh0g5km-shard-00-01.vfjrvz5.mongodb.net:27017', tagSet=TagSet{[Tag{name='availabilityZone', value='usw2-az1'}, Tag{name='diskState', value='READY'}, Tag{name='nodeType', value='ELECTABLE'}, Tag{name='provider', value='AWS'}, Tag{name='region', value='US_WEST_2'}, Tag{name='workloadType', value='OPERATIONAL'}]}, electionId=7fffffff00000000000000d8, setVersion=39, topologyVersion=TopologyVersion{processId=67ad12a53f34254185d8fb50, counter=6}, lastWriteDate=Fri Feb 28 08:20:00 PST 2025, lastUpdateTimeNanos=28724965675750}
2025-02-28 08:20:00,113 INFO o.m.d.cluster [cluster-ClusterId{value='67c1e22f3843dd0268966582', description='Cluster0'}-ac-hh0g5km-shard-00-01.vfjrvz5.mongodb.net:27017] Discovered replica set primary ac-hh0g5km-shard-00-01.vfjrvz5.mongodb.net:27017 with max election id 7fffffff00000000000000d8 and max set version 39
2025-02-28 08:24:44,707 INFO o.s.b.d.a.LocalDevToolsAutoConfiguration$RestartingClassPathChangeChangedEventListener [File Watcher] Restarting due to 1 class path change (0 additions, 0 deletions, 1 modification)
2025-02-28 08:24:44,862 INFO c.e.r.RecipeReviewApplication [restartedMain] Starting RecipeReviewApplication using Java 19.0.2 with PID 32804 (/Users/davidgim/coding_projects/yt_recipe_app/backend/recipe-review/target/classes started by davidgim in /Users/davidgim/coding_projects/yt_recipe_app/backend/recipe-review)
2025-02-28 08:24:44,862 INFO c.e.r.RecipeReviewApplication [restartedMain] The following 1 profile is active: "dev"
2025-02-28 08:24:44,942 INFO o.s.d.r.c.RepositoryConfigurationDelegate [restartedMain] Bootstrapping Spring Data MongoDB repositories in DEFAULT mode.
2025-02-28 08:24:44,947 INFO o.s.d.r.c.RepositoryConfigurationDelegate [restartedMain] Finished Spring Data repository scanning in 4 ms. Found 3 MongoDB repository interfaces.
2025-02-28 08:24:45,010 INFO o.s.b.w.e.t.TomcatWebServer [restartedMain] Tomcat initialized with port 8080 (http)
2025-02-28 08:24:45,011 INFO o.a.c.c.StandardService [restartedMain] Starting service [Tomcat]
2025-02-28 08:24:45,011 INFO o.a.c.c.StandardEngine [restartedMain] Starting Servlet engine: [Apache Tomcat/10.1.25]
2025-02-28 08:24:45,015 INFO o.a.c.c.C.[.[.[/] [restartedMain] Initializing Spring embedded WebApplicationContext
2025-02-28 08:24:45,015 INFO o.s.b.w.s.c.ServletWebServerApplicationContext [restartedMain] Root WebApplicationContext: initialization completed in 152 ms
2025-02-28 08:24:45,084 INFO o.m.d.client [restartedMain] MongoClient with metadata {"application": {"name": "Cluster0"}, "driver": {"name": "mongo-java-driver|sync|spring-boot", "version": "5.0.1"}, "os": {"type": "Darwin", "name": "Mac OS X", "architecture": "aarch64", "version": "12.0"}, "platform": "Java/Amazon.com Inc./19.0.2+7-FR"} created with settings MongoClientSettings{readPreference=primary, writeConcern=WriteConcern{w=majority, wTimeout=null ms, journal=null}, retryWrites=true, retryReads=true, readConcern=ReadConcern{level=null}, credential=MongoCredential{mechanism=null, userName='davidgim', source='admin', password=<hidden>, mechanismProperties=<hidden>}, transportSettings=null, commandListeners=[], codecRegistry=ProvidersCodecRegistry{codecProviders=[ValueCodecProvider{}, BsonValueCodecProvider{}, DBRefCodecProvider{}, DBObjectCodecProvider{}, DocumentCodecProvider{}, CollectionCodecProvider{}, IterableCodecProvider{}, MapCodecProvider{}, GeoJsonCodecProvider{}, GridFSFileCodecProvider{}, Jsr310CodecProvider{}, JsonObjectCodecProvider{}, BsonCodecProvider{}, EnumCodecProvider{}, com.mongodb.client.model.mql.ExpressionCodecProvider@4b8bb078, com.mongodb.Jep395RecordCodecProvider@6ab3c49f, com.mongodb.KotlinCodecProvider@3e9238b2]}, loggerSettings=LoggerSettings{maxDocumentLength=1000}, clusterSettings={hosts=[127.0.0.1:27017], srvHost=cluster0.vfjrvz5.mongodb.net, srvServiceName=mongodb, mode=MULTIPLE, requiredClusterType=REPLICA_SET, requiredReplicaSetName='atlas-dvv5fc-shard-0', serverSelector='null', clusterListeners='[]', serverSelectionTimeout='30000 ms', localThreshold='15 ms'}, socketSettings=SocketSettings{connectTimeoutMS=10000, readTimeoutMS=0, receiveBufferSize=0, proxySettings=ProxySettings{host=null, port=null, username=null, password=null}}, heartbeatSocketSettings=SocketSettings{connectTimeoutMS=10000, readTimeoutMS=10000, receiveBufferSize=0, proxySettings=ProxySettings{host=null, port=null, username=null, password=null}}, connectionPoolSettings=ConnectionPoolSettings{maxSize=100, minSize=0, maxWaitTimeMS=120000, maxConnectionLifeTimeMS=0, maxConnectionIdleTimeMS=0, maintenanceInitialDelayMS=0, maintenanceFrequencyMS=60000, connectionPoolListeners=[], maxConnecting=2}, serverSettings=ServerSettings{heartbeatFrequencyMS=10000, minHeartbeatFrequencyMS=500, serverListeners='[]', serverMonitorListeners='[]'}, sslSettings=SslSettings{enabled=true, invalidHostNameAllowed=false, context=null}, applicationName='Cluster0', compressorList=[], uuidRepresentation=JAVA_LEGACY, serverApi=null, autoEncryptionSettings=null, dnsClient=null, inetAddressResolver=null, contextProvider=null}
2025-02-28 08:24:45,109 INFO o.s.b.d.a.OptionalLiveReloadServer [restartedMain] LiveReload server is running on port 35729
2025-02-28 08:24:45,115 INFO o.s.s.c.a.a.c.InitializeUserDetailsBeanManagerConfigurer$InitializeUserDetailsManagerConfigurer [restartedMain] Global AuthenticationManager configured with UserDetailsService bean with name userService
2025-02-28 08:24:45,146 INFO o.m.d.cluster [cluster-ClusterId{value='67c1e34d3843dd0268966583', description='Cluster0'}-srv-cluster0.vfjrvz5.mongodb.net] Adding discovered server ac-hh0g5km-shard-00-01.vfjrvz5.mongodb.net:27017 to client view of cluster
2025-02-28 08:24:45,146 INFO o.m.d.cluster [cluster-ClusterId{value='67c1e34d3843dd0268966583', description='Cluster0'}-srv-cluster0.vfjrvz5.mongodb.net] Adding discovered server ac-hh0g5km-shard-00-02.vfjrvz5.mongodb.net:27017 to client view of cluster
2025-02-28 08:24:45,147 INFO o.m.d.cluster [cluster-ClusterId{value='67c1e34d3843dd0268966583', description='Cluster0'}-srv-cluster0.vfjrvz5.mongodb.net] Adding discovered server ac-hh0g5km-shard-00-00.vfjrvz5.mongodb.net:27017 to client view of cluster
2025-02-28 08:24:45,191 INFO o.s.b.w.e.t.TomcatWebServer [restartedMain] Tomcat started on port 8080 (http) with context path '/'
2025-02-28 08:24:45,194 INFO c.e.r.RecipeReviewApplication [restartedMain] Started RecipeReviewApplication in 0.346 seconds (process running for 16126.284)
2025-02-28 08:24:45,194 INFO o.s.b.d.a.ConditionEvaluationDeltaLoggingListener [restartedMain] Condition evaluation unchanged
2025-02-28 08:24:45,352 INFO o.m.d.cluster [cluster-ClusterId{value='67c1e34d3843dd0268966583', description='Cluster0'}-ac-hh0g5km-shard-00-01.vfjrvz5.mongodb.net:27017] Monitor thread successfully connected to server with description ServerDescription{address=ac-hh0g5km-shard-00-01.vfjrvz5.mongodb.net:27017, type=REPLICA_SET_PRIMARY, state=CONNECTED, ok=true, minWireVersion=0, maxWireVersion=25, maxDocumentSize=16777216, logicalSessionTimeoutMinutes=30, roundTripTimeNanos=97904833, setName='atlas-dvv5fc-shard-0', canonicalAddress=ac-hh0g5km-shard-00-01.vfjrvz5.mongodb.net:27017, hosts=[ac-hh0g5km-shard-00-00.vfjrvz5.mongodb.net:27017, ac-hh0g5km-shard-00-01.vfjrvz5.mongodb.net:27017, ac-hh0g5km-shard-00-02.vfjrvz5.mongodb.net:27017], passives=[], arbiters=[], primary='ac-hh0g5km-shard-00-01.vfjrvz5.mongodb.net:27017', tagSet=TagSet{[Tag{name='availabilityZone', value='usw2-az1'}, Tag{name='diskState', value='READY'}, Tag{name='nodeType', value='ELECTABLE'}, Tag{name='provider', value='AWS'}, Tag{name='region', value='US_WEST_2'}, Tag{name='workloadType', value='OPERATIONAL'}]}, electionId=7fffffff00000000000000d8, setVersion=39, topologyVersion=TopologyVersion{processId=67ad12a53f34254185d8fb50, counter=6}, lastWriteDate=Fri Feb 28 08:24:45 PST 2025, lastUpdateTimeNanos=29010203319916}
2025-02-28 08:24:45,352 INFO o.m.d.cluster [cluster-ClusterId{value='67c1e34d3843dd0268966583', description='Cluster0'}-ac-hh0g5km-shard-00-01.vfjrvz5.mongodb.net:27017] Discovered replica set primary ac-hh0g5km-shard-00-01.vfjrvz5.mongodb.net:27017 with max election id 7fffffff00000000000000d8 and max set version 39
2025-02-28 08:24:45,376 INFO o.m.d.cluster [cluster-ClusterId{value='67c1e34d3843dd0268966583', description='Cluster0'}-ac-hh0g5km-shard-00-00.vfjrvz5.mongodb.net:27017] Monitor thread successfully connected to server with description ServerDescription{address=ac-hh0g5km-shard-00-00.vfjrvz5.mongodb.net:27017, type=REPLICA_SET_SECONDARY, state=CONNECTED, ok=true, minWireVersion=0, maxWireVersion=25, maxDocumentSize=16777216, logicalSessionTimeoutMinutes=30, roundTripTimeNanos=96239083, setName='atlas-dvv5fc-shard-0', canonicalAddress=ac-hh0g5km-shard-00-00.vfjrvz5.mongodb.net:27017, hosts=[ac-hh0g5km-shard-00-00.vfjrvz5.mongodb.net:27017, ac-hh0g5km-shard-00-01.vfjrvz5.mongodb.net:27017, ac-hh0g5km-shard-00-02.vfjrvz5.mongodb.net:27017], passives=[], arbiters=[], primary='ac-hh0g5km-shard-00-01.vfjrvz5.mongodb.net:27017', tagSet=TagSet{[Tag{name='availabilityZone', value='usw2-az2'}, Tag{name='diskState', value='READY'}, Tag{name='nodeType', value='ELECTABLE'}, Tag{name='provider', value='AWS'}, Tag{name='region', value='US_WEST_2'}, Tag{name='workloadType', value='OPERATIONAL'}]}, electionId=null, setVersion=39, topologyVersion=TopologyVersion{processId=67ad0ff25aa6d78c30bc2521, counter=4}, lastWriteDate=Fri Feb 28 08:24:45 PST 2025, lastUpdateTimeNanos=29010227637458}
2025-02-28 08:24:45,386 INFO o.m.d.cluster [cluster-ClusterId{value='67c1e34d3843dd0268966583', description='Cluster0'}-ac-hh0g5km-shard-00-02.vfjrvz5.mongodb.net:27017] Monitor thread successfully connected to server with description ServerDescription{address=ac-hh0g5km-shard-00-02.vfjrvz5.mongodb.net:27017, type=REPLICA_SET_SECONDARY, state=CONNECTED, ok=true, minWireVersion=0, maxWireVersion=25, maxDocumentSize=16777216, logicalSessionTimeoutMinutes=30, roundTripTimeNanos=106398125, setName='atlas-dvv5fc-shard-0', canonicalAddress=ac-hh0g5km-shard-00-02.vfjrvz5.mongodb.net:27017, hosts=[ac-hh0g5km-shard-00-00.vfjrvz5.mongodb.net:27017, ac-hh0g5km-shard-00-01.vfjrvz5.mongodb.net:27017, ac-hh0g5km-shard-00-02.vfjrvz5.mongodb.net:27017], passives=[], arbiters=[], primary='ac-hh0g5km-shard-00-01.vfjrvz5.mongodb.net:27017', tagSet=TagSet{[Tag{name='availabilityZone', value='usw2-az3'}, Tag{name='diskState', value='READY'}, Tag{name='nodeType', value='ELECTABLE'}, Tag{name='provider', value='AWS'}, Tag{name='region', value='US_WEST_2'}, Tag{name='workloadType', value='OPERATIONAL'}]}, electionId=null, setVersion=39, topologyVersion=TopologyVersion{processId=67ad1661da03e837d9dbb4e2, counter=3}, lastWriteDate=Fri Feb 28 08:24:45 PST 2025, lastUpdateTimeNanos=29010237973291}
2025-02-28 08:28:53,325 INFO o.s.b.d.a.LocalDevToolsAutoConfiguration$RestartingClassPathChangeChangedEventListener [File Watcher] Restarting due to 1 class path change (0 additions, 0 deletions, 1 modification)
2025-02-28 08:28:53,453 INFO c.e.r.RecipeReviewApplication [restartedMain] Starting RecipeReviewApplication using Java 19.0.2 with PID 32804 (/Users/davidgim/coding_projects/yt_recipe_app/backend/recipe-review/target/classes started by davidgim in /Users/davidgim/coding_projects/yt_recipe_app/backend/recipe-review)
2025-02-28 08:28:53,453 INFO c.e.r.RecipeReviewApplication [restartedMain] The following 1 profile is active: "dev"
2025-02-28 08:28:53,531 INFO o.s.d.r.c.RepositoryConfigurationDelegate [restartedMain] Bootstrapping Spring Data MongoDB repositories in DEFAULT mode.
2025-02-28 08:28:53,538 INFO o.s.d.r.c.RepositoryConfigurationDelegate [restartedMain] Finished Spring Data repository scanning in 6 ms. Found 3 MongoDB repository interfaces.
2025-02-28 08:28:53,596 INFO o.s.b.w.e.t.TomcatWebServer [restartedMain] Tomcat initialized with port 8080 (http)
2025-02-28 08:28:53,597 INFO o.a.c.c.StandardService [restartedMain] Starting service [Tomcat]
2025-02-28 08:28:53,597 INFO o.a.c.c.StandardEngine [restartedMain] Starting Servlet engine: [Apache Tomcat/10.1.25]
2025-02-28 08:28:53,602 INFO o.a.c.c.C.[.[.[/] [restartedMain] Initializing Spring embedded WebApplicationContext
2025-02-28 08:28:53,602 INFO o.s.b.w.s.c.ServletWebServerApplicationContext [restartedMain] Root WebApplicationContext: initialization completed in 148 ms
2025-02-28 08:28:53,650 INFO o.m.d.client [restartedMain] MongoClient with metadata {"application": {"name": "Cluster0"}, "driver": {"name": "mongo-java-driver|sync|spring-boot", "version": "5.0.1"}, "os": {"type": "Darwin", "name": "Mac OS X", "architecture": "aarch64", "version": "12.0"}, "platform": "Java/Amazon.com Inc./19.0.2+7-FR"} created with settings MongoClientSettings{readPreference=primary, writeConcern=WriteConcern{w=majority, wTimeout=null ms, journal=null}, retryWrites=true, retryReads=true, readConcern=ReadConcern{level=null}, credential=MongoCredential{mechanism=null, userName='davidgim', source='admin', password=<hidden>, mechanismProperties=<hidden>}, transportSettings=null, commandListeners=[], codecRegistry=ProvidersCodecRegistry{codecProviders=[ValueCodecProvider{}, BsonValueCodecProvider{}, DBRefCodecProvider{}, DBObjectCodecProvider{}, DocumentCodecProvider{}, CollectionCodecProvider{}, IterableCodecProvider{}, MapCodecProvider{}, GeoJsonCodecProvider{}, GridFSFileCodecProvider{}, Jsr310CodecProvider{}, JsonObjectCodecProvider{}, BsonCodecProvider{}, EnumCodecProvider{}, com.mongodb.client.model.mql.ExpressionCodecProvider@4b8bb078, com.mongodb.Jep395RecordCodecProvider@6ab3c49f, com.mongodb.KotlinCodecProvider@3e9238b2]}, loggerSettings=LoggerSettings{maxDocumentLength=1000}, clusterSettings={hosts=[127.0.0.1:27017], srvHost=cluster0.vfjrvz5.mongodb.net, srvServiceName=mongodb, mode=MULTIPLE, requiredClusterType=REPLICA_SET, requiredReplicaSetName='atlas-dvv5fc-shard-0', serverSelector='null', clusterListeners='[]', serverSelectionTimeout='30000 ms', localThreshold='15 ms'}, socketSettings=SocketSettings{connectTimeoutMS=10000, readTimeoutMS=0, receiveBufferSize=0, proxySettings=ProxySettings{host=null, port=null, username=null, password=null}}, heartbeatSocketSettings=SocketSettings{connectTimeoutMS=10000, readTimeoutMS=10000, receiveBufferSize=0, proxySettings=ProxySettings{host=null, port=null, username=null, password=null}}, connectionPoolSettings=ConnectionPoolSettings{maxSize=100, minSize=0, maxWaitTimeMS=120000, maxConnectionLifeTimeMS=0, maxConnectionIdleTimeMS=0, maintenanceInitialDelayMS=0, maintenanceFrequencyMS=60000, connectionPoolListeners=[], maxConnecting=2}, serverSettings=ServerSettings{heartbeatFrequencyMS=10000, minHeartbeatFrequencyMS=500, serverListeners='[]', serverMonitorListeners='[]'}, sslSettings=SslSettings{enabled=true, invalidHostNameAllowed=false, context=null}, applicationName='Cluster0', compressorList=[], uuidRepresentation=JAVA_LEGACY, serverApi=null, autoEncryptionSettings=null, dnsClient=null, inetAddressResolver=null, contextProvider=null}
2025-02-28 08:28:53,673 INFO o.s.b.d.a.OptionalLiveReloadServer [restartedMain] LiveReload server is running on port 35729
2025-02-28 08:28:53,679 INFO o.s.s.c.a.a.c.InitializeUserDetailsBeanManagerConfigurer$InitializeUserDetailsManagerConfigurer [restartedMain] Global AuthenticationManager configured with UserDetailsService bean with name userService
2025-02-28 08:28:53,705 INFO o.m.d.cluster [cluster-ClusterId{value='67c1e4453843dd0268966584', description='Cluster0'}-srv-cluster0.vfjrvz5.mongodb.net] Adding discovered server ac-hh0g5km-shard-00-01.vfjrvz5.mongodb.net:27017 to client view of cluster
2025-02-28 08:28:53,705 INFO o.m.d.cluster [cluster-ClusterId{value='67c1e4453843dd0268966584', description='Cluster0'}-srv-cluster0.vfjrvz5.mongodb.net] Adding discovered server ac-hh0g5km-shard-00-02.vfjrvz5.mongodb.net:27017 to client view of cluster
2025-02-28 08:28:53,706 INFO o.m.d.cluster [cluster-ClusterId{value='67c1e4453843dd0268966584', description='Cluster0'}-srv-cluster0.vfjrvz5.mongodb.net] Adding discovered server ac-hh0g5km-shard-00-00.vfjrvz5.mongodb.net:27017 to client view of cluster
2025-02-28 08:28:53,752 INFO o.s.b.w.e.t.TomcatWebServer [restartedMain] Tomcat started on port 8080 (http) with context path '/'
2025-02-28 08:28:53,754 INFO c.e.r.RecipeReviewApplication [restartedMain] Started RecipeReviewApplication in 0.315 seconds (process running for 16374.844)
2025-02-28 08:28:53,755 INFO o.s.b.d.a.ConditionEvaluationDeltaLoggingListener [restartedMain] Condition evaluation unchanged
2025-02-28 08:28:53,852 INFO o.m.d.cluster [cluster-ClusterId{value='67c1e4453843dd0268966584', description='Cluster0'}-ac-hh0g5km-shard-00-01.vfjrvz5.mongodb.net:27017] Monitor thread successfully connected to server with description ServerDescription{address=ac-hh0g5km-shard-00-01.vfjrvz5.mongodb.net:27017, type=REPLICA_SET_PRIMARY, state=CONNECTED, ok=true, minWireVersion=0, maxWireVersion=25, maxDocumentSize=16777216, logicalSessionTimeoutMinutes=30, roundTripTimeNanos=71046584, setName='atlas-dvv5fc-shard-0', canonicalAddress=ac-hh0g5km-shard-00-01.vfjrvz5.mongodb.net:27017, hosts=[ac-hh0g5km-shard-00-00.vfjrvz5.mongodb.net:27017, ac-hh0g5km-shard-00-01.vfjrvz5.mongodb.net:27017, ac-hh0g5km-shard-00-02.vfjrvz5.mongodb.net:27017], passives=[], arbiters=[], primary='ac-hh0g5km-shard-00-01.vfjrvz5.mongodb.net:27017', tagSet=TagSet{[Tag{name='availabilityZone', value='usw2-az1'}, Tag{name='diskState', value='READY'}, Tag{name='nodeType', value='ELECTABLE'}, Tag{name='provider', value='AWS'}, Tag{name='region', value='US_WEST_2'}, Tag{name='workloadType', value='OPERATIONAL'}]}, electionId=7fffffff00000000000000d8, setVersion=39, topologyVersion=TopologyVersion{processId=67ad12a53f34254185d8fb50, counter=6}, lastWriteDate=Fri Feb 28 08:28:53 PST 2025, lastUpdateTimeNanos=29258702647708}
2025-02-28 08:28:53,852 INFO o.m.d.cluster [cluster-ClusterId{value='67c1e4453843dd0268966584', description='Cluster0'}-ac-hh0g5km-shard-00-01.vfjrvz5.mongodb.net:27017] Discovered replica set primary ac-hh0g5km-shard-00-01.vfjrvz5.mongodb.net:27017 with max election id 7fffffff00000000000000d8 and max set version 39
2025-02-28 08:28:53,859 INFO o.m.d.cluster [cluster-ClusterId{value='67c1e4453843dd0268966584', description='Cluster0'}-ac-hh0g5km-shard-00-02.vfjrvz5.mongodb.net:27017] Monitor thread successfully connected to server with description ServerDescription{address=ac-hh0g5km-shard-00-02.vfjrvz5.mongodb.net:27017, type=REPLICA_SET_SECONDARY, state=CONNECTED, ok=true, minWireVersion=0, maxWireVersion=25, maxDocumentSize=16777216, logicalSessionTimeoutMinutes=30, roundTripTimeNanos=88936916, setName='atlas-dvv5fc-shard-0', canonicalAddress=ac-hh0g5km-shard-00-02.vfjrvz5.mongodb.net:27017, hosts=[ac-hh0g5km-shard-00-00.vfjrvz5.mongodb.net:27017, ac-hh0g5km-shard-00-01.vfjrvz5.mongodb.net:27017, ac-hh0g5km-shard-00-02.vfjrvz5.mongodb.net:27017], passives=[], arbiters=[], primary='ac-hh0g5km-shard-00-01.vfjrvz5.mongodb.net:27017', tagSet=TagSet{[Tag{name='availabilityZone', value='usw2-az3'}, Tag{name='diskState', value='READY'}, Tag{name='nodeType', value='ELECTABLE'}, Tag{name='provider', value='AWS'}, Tag{name='region', value='US_WEST_2'}, Tag{name='workloadType', value='OPERATIONAL'}]}, electionId=null, setVersion=39, topologyVersion=TopologyVersion{processId=67ad1661da03e837d9dbb4e2, counter=3}, lastWriteDate=Fri Feb 28 08:28:53 PST 2025, lastUpdateTimeNanos=29258709651666}
2025-02-28 08:28:53,870 INFO o.m.d.cluster [cluster-ClusterId{value='67c1e4453843dd0268966584', description='Cluster0'}-ac-hh0g5km-shard-00-00.vfjrvz5.mongodb.net:27017] Monitor thread successfully connected to server with description ServerDescription{address=ac-hh0g5km-shard-00-00.vfjrvz5.mongodb.net:27017, type=REPLICA_SET_SECONDARY, state=CONNECTED, ok=true, minWireVersion=0, maxWireVersion=25, maxDocumentSize=16777216, logicalSessionTimeoutMinutes=30, roundTripTimeNanos=94207625, setName='atlas-dvv5fc-shard-0', canonicalAddress=ac-hh0g5km-shard-00-00.vfjrvz5.mongodb.net:27017, hosts=[ac-hh0g5km-shard-00-00.vfjrvz5.mongodb.net:27017, ac-hh0g5km-shard-00-01.vfjrvz5.mongodb.net:27017, ac-hh0g5km-shard-00-02.vfjrvz5.mongodb.net:27017], passives=[], arbiters=[], primary='ac-hh0g5km-shard-00-01.vfjrvz5.mongodb.net:27017', tagSet=TagSet{[Tag{name='availabilityZone', value='usw2-az2'}, Tag{name='diskState', value='READY'}, Tag{name='nodeType', value='ELECTABLE'}, Tag{name='provider', value='AWS'}, Tag{name='region', value='US_WEST_2'}, Tag{name='workloadType', value='OPERATIONAL'}]}, electionId=null, setVersion=39, topologyVersion=TopologyVersion{processId=67ad0ff25aa6d78c30bc2521, counter=4}, lastWriteDate=Fri Feb 28 08:28:53 PST 2025, lastUpdateTimeNanos=29258720661416}
2025-02-28 08:31:07,624 INFO o.s.b.d.a.LocalDevToolsAutoConfiguration$RestartingClassPathChangeChangedEventListener [File Watcher] Restarting due to 1 class path change (0 additions, 0 deletions, 1 modification)
2025-02-28 08:31:07,760 INFO c.e.r.RecipeReviewApplication [restartedMain] Starting RecipeReviewApplication using Java 19.0.2 with PID 32804 (/Users/davidgim/coding_projects/yt_recipe_app/backend/recipe-review/target/classes started by davidgim in /Users/davidgim/coding_projects/yt_recipe_app/backend/recipe-review)
2025-02-28 08:31:07,760 INFO c.e.r.RecipeReviewApplication [restartedMain] The following 1 profile is active: "dev"
2025-02-28 08:31:07,847 INFO o.s.d.r.c.RepositoryConfigurationDelegate [restartedMain] Bootstrapping Spring Data MongoDB repositories in DEFAULT mode.
2025-02-28 08:31:07,853 INFO o.s.d.r.c.RepositoryConfigurationDelegate [restartedMain] Finished Spring Data repository scanning in 5 ms. Found 3 MongoDB repository interfaces.
2025-02-28 08:31:07,920 INFO o.s.b.w.e.t.TomcatWebServer [restartedMain] Tomcat initialized with port 8080 (http)
2025-02-28 08:31:07,921 INFO o.a.c.c.StandardService [restartedMain] Starting service [Tomcat]
2025-02-28 08:31:07,921 INFO o.a.c.c.StandardEngine [restartedMain] Starting Servlet engine: [Apache Tomcat/10.1.25]
2025-02-28 08:31:07,925 INFO o.a.c.c.C.[.[.[/] [restartedMain] Initializing Spring embedded WebApplicationContext
2025-02-28 08:31:07,925 INFO o.s.b.w.s.c.ServletWebServerApplicationContext [restartedMain] Root WebApplicationContext: initialization completed in 164 ms
2025-02-28 08:31:07,968 INFO o.m.d.client [restartedMain] MongoClient with metadata {"application": {"name": "Cluster0"}, "driver": {"name": "mongo-java-driver|sync|spring-boot", "version": "5.0.1"}, "os": {"type": "Darwin", "name": "Mac OS X", "architecture": "aarch64", "version": "12.0"}, "platform": "Java/Amazon.com Inc./19.0.2+7-FR"} created with settings MongoClientSettings{readPreference=primary, writeConcern=WriteConcern{w=majority, wTimeout=null ms, journal=null}, retryWrites=true, retryReads=true, readConcern=ReadConcern{level=null}, credential=MongoCredential{mechanism=null, userName='davidgim', source='admin', password=<hidden>, mechanismProperties=<hidden>}, transportSettings=null, commandListeners=[], codecRegistry=ProvidersCodecRegistry{codecProviders=[ValueCodecProvider{}, BsonValueCodecProvider{}, DBRefCodecProvider{}, DBObjectCodecProvider{}, DocumentCodecProvider{}, CollectionCodecProvider{}, IterableCodecProvider{}, MapCodecProvider{}, GeoJsonCodecProvider{}, GridFSFileCodecProvider{}, Jsr310CodecProvider{}, JsonObjectCodecProvider{}, BsonCodecProvider{}, EnumCodecProvider{}, com.mongodb.client.model.mql.ExpressionCodecProvider@4b8bb078, com.mongodb.Jep395RecordCodecProvider@6ab3c49f, com.mongodb.KotlinCodecProvider@3e9238b2]}, loggerSettings=LoggerSettings{maxDocumentLength=1000}, clusterSettings={hosts=[127.0.0.1:27017], srvHost=cluster0.vfjrvz5.mongodb.net, srvServiceName=mongodb, mode=MULTIPLE, requiredClusterType=REPLICA_SET, requiredReplicaSetName='atlas-dvv5fc-shard-0', serverSelector='null', clusterListeners='[]', serverSelectionTimeout='30000 ms', localThreshold='15 ms'}, socketSettings=SocketSettings{connectTimeoutMS=10000, readTimeoutMS=0, receiveBufferSize=0, proxySettings=ProxySettings{host=null, port=null, username=null, password=null}}, heartbeatSocketSettings=SocketSettings{connectTimeoutMS=10000, readTimeoutMS=10000, receiveBufferSize=0, proxySettings=ProxySettings{host=null, port=null, username=null, password=null}}, connectionPoolSettings=ConnectionPoolSettings{maxSize=100, minSize=0, maxWaitTimeMS=120000, maxConnectionLifeTimeMS=0, maxConnectionIdleTimeMS=0, maintenanceInitialDelayMS=0, maintenanceFrequencyMS=60000, connectionPoolListeners=[], maxConnecting=2}, serverSettings=ServerSettings{heartbeatFrequencyMS=10000, minHeartbeatFrequencyMS=500, serverListeners='[]', serverMonitorListeners='[]'}, sslSettings=SslSettings{enabled=true, invalidHostNameAllowed=false, context=null}, applicationName='Cluster0', compressorList=[], uuidRepresentation=JAVA_LEGACY, serverApi=null, autoEncryptionSettings=null, dnsClient=null, inetAddressResolver=null, contextProvider=null}
2025-02-28 08:31:07,989 INFO o.s.b.d.a.OptionalLiveReloadServer [restartedMain] LiveReload server is running on port 35729
2025-02-28 08:31:07,995 INFO o.s.s.c.a.a.c.InitializeUserDetailsBeanManagerConfigurer$InitializeUserDetailsManagerConfigurer [restartedMain] Global AuthenticationManager configured with UserDetailsService bean with name userService
2025-02-28 08:31:07,996 INFO o.m.d.cluster [cluster-ClusterId{value='67c1e4cb3843dd0268966585', description='Cluster0'}-srv-cluster0.vfjrvz5.mongodb.net] Adding discovered server ac-hh0g5km-shard-00-01.vfjrvz5.mongodb.net:27017 to client view of cluster
2025-02-28 08:31:07,997 INFO o.m.d.cluster [cluster-ClusterId{value='67c1e4cb3843dd0268966585', description='Cluster0'}-srv-cluster0.vfjrvz5.mongodb.net] Adding discovered server ac-hh0g5km-shard-00-02.vfjrvz5.mongodb.net:27017 to client view of cluster
2025-02-28 08:31:07,997 INFO o.m.d.cluster [cluster-ClusterId{value='67c1e4cb3843dd0268966585', description='Cluster0'}-srv-cluster0.vfjrvz5.mongodb.net] Adding discovered server ac-hh0g5km-shard-00-00.vfjrvz5.mongodb.net:27017 to client view of cluster
2025-02-28 08:31:08,070 INFO o.s.b.w.e.t.TomcatWebServer [restartedMain] Tomcat started on port 8080 (http) with context path '/'
2025-02-28 08:31:08,073 INFO c.e.r.RecipeReviewApplication [restartedMain] Started RecipeReviewApplication in 0.328 seconds (process running for 16509.162)
2025-02-28 08:31:08,074 INFO o.s.b.d.a.ConditionEvaluationDeltaLoggingListener [restartedMain] Condition evaluation unchanged
2025-02-28 08:31:08,117 INFO o.m.d.cluster [cluster-ClusterId{value='67c1e4cb3843dd0268966585', description='Cluster0'}-ac-hh0g5km-shard-00-01.vfjrvz5.mongodb.net:27017] Monitor thread successfully connected to server with description ServerDescription{address=ac-hh0g5km-shard-00-01.vfjrvz5.mongodb.net:27017, type=REPLICA_SET_PRIMARY, state=CONNECTED, ok=true, minWireVersion=0, maxWireVersion=25, maxDocumentSize=16777216, logicalSessionTimeoutMinutes=30, roundTripTimeNanos=54288750, setName='atlas-dvv5fc-shard-0', canonicalAddress=ac-hh0g5km-shard-00-01.vfjrvz5.mongodb.net:27017, hosts=[ac-hh0g5km-shard-00-00.vfjrvz5.mongodb.net:27017, ac-hh0g5km-shard-00-01.vfjrvz5.mongodb.net:27017, ac-hh0g5km-shard-00-02.vfjrvz5.mongodb.net:27017], passives=[], arbiters=[], primary='ac-hh0g5km-shard-00-01.vfjrvz5.mongodb.net:27017', tagSet=TagSet{[Tag{name='availabilityZone', value='usw2-az1'}, Tag{name='diskState', value='READY'}, Tag{name='nodeType', value='ELECTABLE'}, Tag{name='provider', value='AWS'}, Tag{name='region', value='US_WEST_2'}, Tag{name='workloadType', value='OPERATIONAL'}]}, electionId=7fffffff00000000000000d8, setVersion=39, topologyVersion=TopologyVersion{processId=67ad12a53f34254185d8fb50, counter=6}, lastWriteDate=Fri Feb 28 08:31:08 PST 2025, lastUpdateTimeNanos=29392966629666}
2025-02-28 08:31:08,117 INFO o.m.d.cluster [cluster-ClusterId{value='67c1e4cb3843dd0268966585', description='Cluster0'}-ac-hh0g5km-shard-00-01.vfjrvz5.mongodb.net:27017] Discovered replica set primary ac-hh0g5km-shard-00-01.vfjrvz5.mongodb.net:27017 with max election id 7fffffff00000000000000d8 and max set version 39
2025-02-28 08:31:08,152 INFO o.m.d.cluster [cluster-ClusterId{value='67c1e4cb3843dd0268966585', description='Cluster0'}-ac-hh0g5km-shard-00-00.vfjrvz5.mongodb.net:27017] Monitor thread successfully connected to server with description ServerDescription{address=ac-hh0g5km-shard-00-00.vfjrvz5.mongodb.net:27017, type=REPLICA_SET_SECONDARY, state=CONNECTED, ok=true, minWireVersion=0, maxWireVersion=25, maxDocumentSize=16777216, logicalSessionTimeoutMinutes=30, roundTripTimeNanos=91127709, setName='atlas-dvv5fc-shard-0', canonicalAddress=ac-hh0g5km-shard-00-00.vfjrvz5.mongodb.net:27017, hosts=[ac-hh0g5km-shard-00-00.vfjrvz5.mongodb.net:27017, ac-hh0g5km-shard-00-01.vfjrvz5.mongodb.net:27017, ac-hh0g5km-shard-00-02.vfjrvz5.mongodb.net:27017], passives=[], arbiters=[], primary='ac-hh0g5km-shard-00-01.vfjrvz5.mongodb.net:27017', tagSet=TagSet{[Tag{name='availabilityZone', value='usw2-az2'}, Tag{name='diskState', value='READY'}, Tag{name='nodeType', value='ELECTABLE'}, Tag{name='provider', value='AWS'}, Tag{name='region', value='US_WEST_2'}, Tag{name='workloadType', value='OPERATIONAL'}]}, electionId=null, setVersion=39, topologyVersion=TopologyVersion{processId=67ad0ff25aa6d78c30bc2521, counter=4}, lastWriteDate=Fri Feb 28 08:31:08 PST 2025, lastUpdateTimeNanos=29393002142333}
2025-02-28 08:31:08,166 INFO o.m.d.cluster [cluster-ClusterId{value='67c1e4cb3843dd0268966585', description='Cluster0'}-ac-hh0g5km-shard-00-02.vfjrvz5.mongodb.net:27017] Monitor thread successfully connected to server with description ServerDescription{address=ac-hh0g5km-shard-00-02.vfjrvz5.mongodb.net:27017, type=REPLICA_SET_SECONDARY, state=CONNECTED, ok=true, minWireVersion=0, maxWireVersion=25, maxDocumentSize=16777216, logicalSessionTimeoutMinutes=30, roundTripTimeNanos=110059834, setName='atlas-dvv5fc-shard-0', canonicalAddress=ac-hh0g5km-shard-00-02.vfjrvz5.mongodb.net:27017, hosts=[ac-hh0g5km-shard-00-00.vfjrvz5.mongodb.net:27017, ac-hh0g5km-shard-00-01.vfjrvz5.mongodb.net:27017, ac-hh0g5km-shard-00-02.vfjrvz5.mongodb.net:27017], passives=[], arbiters=[], primary='ac-hh0g5km-shard-00-01.vfjrvz5.mongodb.net:27017', tagSet=TagSet{[Tag{name='availabilityZone', value='usw2-az3'}, Tag{name='diskState', value='READY'}, Tag{name='nodeType', value='ELECTABLE'}, Tag{name='provider', value='AWS'}, Tag{name='region', value='US_WEST_2'}, Tag{name='workloadType', value='OPERATIONAL'}]}, electionId=null, setVersion=39, topologyVersion=TopologyVersion{processId=67ad1661da03e837d9dbb4e2, counter=3}, lastWriteDate=Fri Feb 28 08:31:08 PST 2025, lastUpdateTimeNanos=29393016572000}
